user_id,current_balance,timestamp
USER_0000,348,2026-04-29 15:17:32.376473
USER_0000,106,2026-06-05 15:17:32.376503
USER_0000,188,2026-04-09 15:17:32.376517
USER_0000,102,2026-05-30 15:17:32.376528
USER_0000,214,2026-03-29 15:17:32.376539
USER_0000,458,2026-04-06 15:17:32.376556
USER_0000,372,2026-03-24 15:17:32.376572
USER_0001,130,2026-05-27 15:17:32.376601
USER_0001,308,2026-05-29 15:17:32.376616
USER_0001,343,2026-06-18 15:17:32.376630
USER_0001,293,2026-05-21 15:17:32.376645
USER_0002,443,2026-04-17 15:17:32.376667
USER_0002,160,2026-05-30 15:17:32.376683
USER_0003,252,2026-05-29 15:17:32.376707
USER_0003,48,2026-03-23 15:17:32.376717
USER_0003,169,2026-04-22 15:17:32.376726
USER_0003,463,2026-04-21 15:17:32.376735
USER_0003,189,2026-06-05 15:17:32.376745
USER_0003,174,2026-04-19 15:17:32.376754
USER_0003,50,2026-04-19 15:17:32.376769
USER_0003,243,2026-04-26 15:17:32.376779
USER_0003,130,2026-04-17 15:17:32.376788
USER_0003,134,2026-04-30 15:17:32.376797
USER_0004,166,2026-04-08 15:17:32.376811
USER_0004,387,2026-06-02 15:17:32.376819
USER_0004,315,2026-03-23 15:17:32.376829
USER_0004,241,2026-06-06 15:17:32.376838
USER_0004,345,2026-06-11 15:17:32.376848
USER_0005,339,2026-06-18 15:17:32.376861
USER_0005,454,2026-04-21 15:17:32.376870
USER_0005,263,2026-05-07 15:17:32.376879
USER_0005,34,2026-05-04 15:17:32.376888
USER_0005,80,2026-04-03 15:17:32.376901
USER_0006,359,2026-05-01 15:17:32.376926
USER_0006,1,2026-06-16 15:17:32.376944
USER_0006,53,2026-06-14 15:17:32.376960
USER_0006,309,2026-06-16 15:17:32.376976
USER_0007,43,2026-03-22 15:17:32.376999
USER_0007,201,2026-05-17 15:17:32.377016
USER_0008,350,2026-06-06 15:17:32.377040
USER_0008,270,2026-05-03 15:17:32.377057
USER_0008,461,2026-04-09 15:17:32.377075
USER_0008,251,2026-03-25 15:17:32.377092
USER_0009,295,2026-04-19 15:17:32.377116
USER_0009,207,2026-03-27 15:17:32.377132
USER_0009,366,2026-03-30 15:17:32.377149
USER_0009,279,2026-04-28 15:17:32.377171
USER_0009,216,2026-05-25 15:17:32.377188
USER_0009,379,2026-04-21 15:17:32.377205
USER_0009,156,2026-05-10 15:17:32.377222
USER_0009,300,2026-06-05 15:17:32.377239
USER_0009,344,2026-04-16 15:17:32.377256
USER_0010,343,2026-06-11 15:17:32.377283
USER_0010,491,2026-06-19 15:17:32.377303
USER_0010,471,2026-06-12 15:17:32.377321
USER_0010,138,2026-04-18 15:17:32.377343
USER_0010,391,2026-03-31 15:17:32.377371
USER_0010,418,2026-05-16 15:17:32.377387
USER_0010,378,2026-05-18 15:17:32.377403
USER_0011,27,2026-05-10 15:17:32.377425
USER_0011,200,2026-06-13 15:17:32.377442
USER_0011,267,2026-04-09 15:17:32.377459
USER_0011,32,2026-05-17 15:17:32.377476
USER_0011,406,2026-05-03 15:17:32.377496
USER_0012,98,2026-05-14 15:17:32.377521
USER_0012,359,2026-05-07 15:17:32.377541
USER_0012,474,2026-03-26 15:17:32.377558
USER_0012,448,2026-05-16 15:17:32.377576
USER_0012,461,2026-05-04 15:17:32.377593
USER_0012,256,2026-06-17 15:17:32.377617
USER_0012,217,2026-06-15 15:17:32.377634
USER_0012,358,2026-06-06 15:17:32.377652
USER_0013,14,2026-04-02 15:17:32.377677
USER_0013,41,2026-03-22 15:17:32.377693
USER_0013,178,2026-04-04 15:17:32.377709
USER_0013,351,2026-04-18 15:17:32.377725
USER_0013,95,2026-04-29 15:17:32.377742
USER_0013,221,2026-06-16 15:17:32.377754
USER_0013,230,2026-05-28 15:17:32.377763
USER_0013,170,2026-06-05 15:17:32.377772
USER_0013,35,2026-05-22 15:17:32.377785
USER_0014,242,2026-04-22 15:17:32.377807
USER_0014,283,2026-03-26 15:17:32.377817
USER_0014,169,2026-04-15 15:17:32.377826
USER_0014,61,2026-05-06 15:17:32.377835
USER_0014,133,2026-04-24 15:17:32.377844
USER_0014,27,2026-05-23 15:17:32.377853
USER_0014,339,2026-05-07 15:17:32.377862
USER_0015,230,2026-03-23 15:17:32.377875
USER_0015,224,2026-04-19 15:17:32.377884
USER_0015,376,2026-06-19 15:17:32.377893
USER_0015,445,2026-05-24 15:17:32.377903
USER_0015,232,2026-04-04 15:17:32.377912
USER_0015,358,2026-06-17 15:17:32.377922
USER_0015,455,2026-04-11 15:17:32.377931
USER_0015,136,2026-05-24 15:17:32.377940
USER_0015,164,2026-04-19 15:17:32.377949
USER_0015,233,2026-04-30 15:17:32.377958
USER_0016,314,2026-04-02 15:17:32.377971
USER_0016,95,2026-05-19 15:17:32.377980
USER_0016,232,2026-03-24 15:17:32.377989
USER_0016,112,2026-04-29 15:17:32.377998
USER_0016,496,2026-04-19 15:17:32.378010
USER_0016,51,2026-04-23 15:17:32.378019
USER_0016,294,2026-06-08 15:17:32.378028
USER_0016,386,2026-06-18 15:17:32.378037
USER_0017,80,2026-04-25 15:17:32.378050
USER_0018,129,2026-06-18 15:17:32.378063
USER_0019,484,2026-03-25 15:17:32.378076
USER_0019,402,2026-06-19 15:17:32.378086
USER_0019,52,2026-06-18 15:17:32.378095
USER_0019,217,2026-05-07 15:17:32.378104
USER_0019,197,2026-05-19 15:17:32.378112
USER_0019,246,2026-05-19 15:17:32.378121
USER_0020,202,2026-04-26 15:17:32.378134
USER_0020,122,2026-04-25 15:17:32.378143
USER_0020,254,2026-06-03 15:17:32.378152
USER_0020,279,2026-05-13 15:17:32.378161
USER_0021,469,2026-04-11 15:17:32.378174
USER_0021,239,2026-06-09 15:17:32.378183
USER_0021,96,2026-06-04 15:17:32.378192
USER_0021,123,2026-04-08 15:17:32.378202
USER_0021,325,2026-04-22 15:17:32.378211
USER_0022,251,2026-05-31 15:17:32.378224
USER_0022,419,2026-04-22 15:17:32.378233
USER_0022,345,2026-06-01 15:17:32.378242
USER_0023,147,2026-06-01 15:17:32.378255
USER_0023,307,2026-04-10 15:17:32.378264
USER_0023,423,2026-05-18 15:17:32.378273
USER_0024,359,2026-03-30 15:17:32.378287
USER_0024,266,2026-06-19 15:17:32.378296
USER_0024,472,2026-04-24 15:17:32.378305
USER_0024,150,2026-05-01 15:17:32.378317
USER_0024,477,2026-05-20 15:17:32.378326
USER_0024,98,2026-05-09 15:17:32.378337
USER_0024,251,2026-06-13 15:17:32.378349
USER_0025,368,2026-04-21 15:17:32.378362
USER_0025,384,2026-06-18 15:17:32.378371
USER_0025,253,2026-05-03 15:17:32.378380
USER_0025,452,2026-06-08 15:17:32.378389
USER_0025,159,2026-05-14 15:17:32.378398
USER_0025,232,2026-06-11 15:17:32.378409
USER_0025,303,2026-06-01 15:17:32.378418
USER_0025,130,2026-04-01 15:17:32.378427
USER_0025,151,2026-05-31 15:17:32.378439
USER_0025,119,2026-04-27 15:17:32.378449
USER_0026,115,2026-05-27 15:17:32.378462
USER_0027,419,2026-04-09 15:17:32.378475
USER_0028,253,2026-03-28 15:17:32.378488
USER_0028,98,2026-03-23 15:17:32.378499
USER_0028,348,2026-05-26 15:17:32.378508
USER_0028,383,2026-06-02 15:17:32.378517
USER_0028,193,2026-03-30 15:17:32.378526
USER_0028,162,2026-04-27 15:17:32.378535
USER_0029,67,2026-05-18 15:17:32.378548
USER_0029,397,2026-05-18 15:17:32.378557
USER_0029,303,2026-05-30 15:17:32.378566
USER_0029,383,2026-05-31 15:17:32.378575
USER_0029,134,2026-06-12 15:17:32.378584
USER_0029,400,2026-04-14 15:17:32.378593
USER_0029,175,2026-05-18 15:17:32.378602
USER_0029,442,2026-04-05 15:17:32.378611
USER_0029,374,2026-03-26 15:17:32.378620
USER_0030,37,2026-05-21 15:17:32.378633
USER_0030,437,2026-04-30 15:17:32.378642
USER_0030,282,2026-06-12 15:17:32.378651
USER_0030,225,2026-05-24 15:17:32.378660
USER_0030,285,2026-05-30 15:17:32.378673
USER_0030,366,2026-05-23 15:17:32.378682
USER_0031,316,2026-04-12 15:17:32.378695
USER_0032,34,2026-06-16 15:17:32.378708
USER_0032,48,2026-04-17 15:17:32.378717
USER_0032,171,2026-06-03 15:17:32.378726
USER_0033,98,2026-06-14 15:17:32.378740
USER_0033,279,2026-05-14 15:17:32.378749
USER_0033,180,2026-05-05 15:17:32.378758
USER_0033,480,2026-04-21 15:17:32.378767
USER_0033,252,2026-04-18 15:17:32.378776
USER_0034,470,2026-05-19 15:17:32.378789
USER_0034,255,2026-05-18 15:17:32.378810
USER_0034,127,2026-04-14 15:17:32.378835
USER_0034,280,2026-06-02 15:17:32.378851
USER_0034,57,2026-04-27 15:17:32.378861
USER_0035,279,2026-05-05 15:17:32.378881
USER_0035,430,2026-05-19 15:17:32.378890
USER_0035,150,2026-03-26 15:17:32.378899
USER_0036,489,2026-05-24 15:17:32.378915
USER_0036,473,2026-06-18 15:17:32.378927
USER_0037,392,2026-05-18 15:17:32.378946
USER_0038,38,2026-05-03 15:17:32.378961
USER_0038,246,2026-05-09 15:17:32.378970
USER_0038,354,2026-05-25 15:17:32.378979
USER_0038,408,2026-05-01 15:17:32.378994
USER_0038,12,2026-05-27 15:17:32.379004
USER_0038,390,2026-04-21 15:17:32.379019
USER_0039,172,2026-05-15 15:17:32.379038
USER_0039,320,2026-05-31 15:17:32.379056
USER_0039,493,2026-06-12 15:17:32.379066
USER_0039,141,2026-06-04 15:17:32.379081
USER_0039,370,2026-04-05 15:17:32.379092
USER_0039,142,2026-03-25 15:17:32.379110
USER_0039,287,2026-04-15 15:17:32.379133
USER_0039,446,2026-03-25 15:17:32.379155
USER_0039,50,2026-03-26 15:17:32.379165
USER_0040,62,2026-04-23 15:17:32.379183
USER_0040,124,2026-04-19 15:17:32.379198
USER_0040,313,2026-05-29 15:17:32.379211
USER_0040,341,2026-04-23 15:17:32.379230
USER_0040,179,2026-05-02 15:17:32.379241
USER_0040,325,2026-05-09 15:17:32.379256
USER_0040,53,2026-06-05 15:17:32.379266
USER_0040,100,2026-04-21 15:17:32.379279
USER_0040,52,2026-06-12 15:17:32.379297
USER_0041,261,2026-04-13 15:17:32.379310
USER_0041,354,2026-05-04 15:17:32.379328
USER_0041,423,2026-04-26 15:17:32.379346
USER_0041,143,2026-04-29 15:17:32.379364
USER_0041,369,2026-06-07 15:17:32.379378
USER_0042,146,2026-05-21 15:17:32.379399
USER_0042,119,2026-06-03 15:17:32.379408
USER_0042,274,2026-04-18 15:17:32.379417
USER_0042,438,2026-04-23 15:17:32.379435
USER_0042,228,2026-03-22 15:17:32.379449
USER_0042,116,2026-03-22 15:17:32.379469
USER_0042,278,2026-04-19 15:17:32.379485
USER_0042,395,2026-06-11 15:17:32.379501
USER_0042,57,2026-06-19 15:17:32.379517
USER_0042,238,2026-06-19 15:17:32.379526
USER_0043,88,2026-05-03 15:17:32.379552
USER_0043,271,2026-06-19 15:17:32.379572
USER_0044,446,2026-04-17 15:17:32.379591
USER_0044,277,2026-04-12 15:17:32.379606
USER_0044,75,2026-04-14 15:17:32.379621
USER_0044,143,2026-05-25 15:17:32.379637
USER_0044,484,2026-04-30 15:17:32.379646
USER_0044,184,2026-03-26 15:17:32.379655
USER_0044,461,2026-05-22 15:17:32.379664
USER_0045,496,2026-05-04 15:17:32.379693
USER_0045,499,2026-04-19 15:17:32.379710
USER_0045,203,2026-04-12 15:17:32.379719
USER_0045,217,2026-06-04 15:17:32.379728
USER_0045,431,2026-03-22 15:17:32.379743
USER_0046,99,2026-05-12 15:17:32.379766
USER_0046,253,2026-05-18 15:17:32.379781
USER_0046,249,2026-05-28 15:17:32.379791
USER_0046,245,2026-06-10 15:17:32.379805
USER_0046,99,2026-04-12 15:17:32.379819
USER_0047,222,2026-04-29 15:17:32.379838
USER_0047,249,2026-06-10 15:17:32.379852
USER_0048,95,2026-04-23 15:17:32.379865
USER_0048,324,2026-06-19 15:17:32.379874
USER_0048,15,2026-06-16 15:17:32.379887
USER_0049,246,2026-04-01 15:17:32.379900
USER_0049,496,2026-06-18 15:17:32.379916
USER_0049,474,2026-05-19 15:17:32.379926
USER_0049,151,2026-03-28 15:17:32.379941
USER_0049,177,2026-06-08 15:17:32.379955
USER_0049,379,2026-05-16 15:17:32.379964
USER_0049,416,2026-05-18 15:17:32.379973
USER_0049,178,2026-04-20 15:17:32.379985
USER_0050,322,2026-06-08 15:17:32.380006
USER_0050,416,2026-04-16 15:17:32.380022
USER_0050,329,2026-05-11 15:17:32.380032
USER_0050,43,2026-05-08 15:17:32.380046
USER_0050,396,2026-05-22 15:17:32.380056
USER_0051,214,2026-05-16 15:17:32.380069
USER_0051,89,2026-03-31 15:17:32.380078
USER_0052,457,2026-05-25 15:17:32.380092
USER_0052,417,2026-03-22 15:17:32.380111
USER_0052,195,2026-06-13 15:17:32.380135
USER_0052,113,2026-04-23 15:17:32.380146
USER_0052,412,2026-04-06 15:17:32.380157
USER_0052,216,2026-05-15 15:17:32.380169
USER_0052,248,2026-05-30 15:17:32.380181
USER_0052,393,2026-05-15 15:17:32.380194
USER_0053,407,2026-04-08 15:17:32.380207
USER_0053,226,2026-04-17 15:17:32.380226
USER_0053,98,2026-05-02 15:17:32.380246
USER_0053,465,2026-05-15 15:17:32.380259
USER_0053,150,2026-05-27 15:17:32.380269
USER_0054,368,2026-06-08 15:17:32.380282
USER_0054,12,2026-04-26 15:17:32.380292
USER_0054,216,2026-05-28 15:17:32.380300
USER_0054,272,2026-05-21 15:17:32.380309
USER_0054,83,2026-04-19 15:17:32.380318
USER_0055,396,2026-03-26 15:17:32.380331
USER_0055,18,2026-04-22 15:17:32.380345
USER_0055,99,2026-05-02 15:17:32.380357
USER_0055,444,2026-06-08 15:17:32.380366
USER_0055,75,2026-06-01 15:17:32.380375
USER_0055,454,2026-06-11 15:17:32.380384
USER_0055,205,2026-05-23 15:17:32.380393
USER_0055,338,2026-04-29 15:17:32.380402
USER_0055,372,2026-06-04 15:17:32.380413
USER_0056,24,2026-06-08 15:17:32.380436
USER_0056,378,2026-04-29 15:17:32.380448
USER_0056,483,2026-03-27 15:17:32.380457
USER_0056,150,2026-04-28 15:17:32.380466
USER_0056,56,2026-06-04 15:17:32.380475
USER_0057,41,2026-04-28 15:17:32.380498
USER_0057,422,2026-04-23 15:17:32.380510
USER_0057,222,2026-06-06 15:17:32.380524
USER_0057,162,2026-06-15 15:17:32.380532
USER_0057,220,2026-03-25 15:17:32.380541
USER_0057,145,2026-04-06 15:17:32.380550
USER_0057,8,2026-04-05 15:17:32.380559
USER_0058,491,2026-04-23 15:17:32.380573
USER_0058,252,2026-06-03 15:17:32.380582
USER_0058,173,2026-06-13 15:17:32.380591
USER_0058,167,2026-06-07 15:17:32.380604
USER_0058,392,2026-05-09 15:17:32.380613
USER_0058,282,2026-05-01 15:17:32.380622
USER_0058,4,2026-04-15 15:17:32.380635
USER_0058,164,2026-05-22 15:17:32.380644
USER_0058,338,2026-05-13 15:17:32.380653
USER_0058,495,2026-06-12 15:17:32.380662
USER_0059,499,2026-03-26 15:17:32.380675
USER_0060,216,2026-04-10 15:17:32.380690
USER_0061,69,2026-05-15 15:17:32.380706
USER_0061,274,2026-05-20 15:17:32.380715
USER_0061,363,2026-04-20 15:17:32.380724
USER_0061,166,2026-04-27 15:17:32.380733
USER_0062,18,2026-03-22 15:17:32.380746
USER_0062,125,2026-05-12 15:17:32.380755
USER_0062,172,2026-04-14 15:17:32.380767
USER_0062,241,2026-06-07 15:17:32.380775
USER_0062,147,2026-04-23 15:17:32.380784
USER_0062,316,2026-04-09 15:17:32.380794
USER_0062,0,2026-05-12 15:17:32.380803
USER_0062,460,2026-06-17 15:17:32.380812
USER_0062,190,2026-04-19 15:17:32.380821
USER_0062,311,2026-05-26 15:17:32.380830
USER_0063,116,2026-05-13 15:17:32.380843
USER_0064,43,2026-04-23 15:17:32.380856
USER_0064,159,2026-05-06 15:17:32.380865
USER_0064,316,2026-05-06 15:17:32.380874
USER_0064,148,2026-05-04 15:17:32.380883
USER_0064,373,2026-04-01 15:17:32.380892
USER_0064,202,2026-03-27 15:17:32.380901
USER_0065,226,2026-05-15 15:17:32.380913
USER_0065,19,2026-06-01 15:17:32.380922
USER_0065,401,2026-04-24 15:17:32.380931
USER_0065,232,2026-05-04 15:17:32.380940
USER_0065,13,2026-05-02 15:17:32.380949
USER_0066,373,2026-04-27 15:17:32.380962
USER_0067,470,2026-06-04 15:17:32.380975
USER_0067,458,2026-04-24 15:17:32.380984
USER_0067,329,2026-06-08 15:17:32.380993
USER_0068,407,2026-04-05 15:17:32.381006
USER_0068,372,2026-05-23 15:17:32.381015
USER_0068,121,2026-06-12 15:17:32.381025
USER_0068,89,2026-05-15 15:17:32.381033
USER_0068,185,2026-06-12 15:17:32.381042
USER_0068,177,2026-04-21 15:17:32.381053
USER_0068,219,2026-05-23 15:17:32.381062
USER_0068,227,2026-05-10 15:17:32.381071
USER_0069,144,2026-04-18 15:17:32.381083
USER_0069,416,2026-04-08 15:17:32.381092
USER_0069,460,2026-03-28 15:17:32.381101
USER_0069,396,2026-05-22 15:17:32.381114
USER_0069,34,2026-05-05 15:17:32.381123
USER_0069,81,2026-06-14 15:17:32.381134
USER_0070,302,2026-04-12 15:17:32.381146
USER_0070,449,2026-05-26 15:17:32.381156
USER_0070,311,2026-06-10 15:17:32.381165
USER_0071,118,2026-06-15 15:17:32.381183
USER_0071,373,2026-05-18 15:17:32.381193
USER_0072,223,2026-06-02 15:17:32.381206
USER_0073,340,2026-06-09 15:17:32.381220
USER_0074,216,2026-04-18 15:17:32.381233
USER_0074,314,2026-03-26 15:17:32.381242
USER_0074,176,2026-05-24 15:17:32.381250
USER_0074,416,2026-04-04 15:17:32.381259
USER_0074,404,2026-06-19 15:17:32.381269
USER_0074,5,2026-04-26 15:17:32.381278
USER_0074,196,2026-03-31 15:17:32.381287
USER_0074,357,2026-06-15 15:17:32.381296
USER_0074,436,2026-06-17 15:17:32.381306
USER_0074,484,2026-05-28 15:17:32.381315
USER_0075,201,2026-05-14 15:17:32.381328
USER_0075,82,2026-04-07 15:17:32.381337
USER_0075,84,2026-06-03 15:17:32.381346
USER_0075,456,2026-04-03 15:17:32.381357
USER_0075,50,2026-06-19 15:17:32.381371
USER_0076,448,2026-04-19 15:17:32.381384
USER_0076,33,2026-05-19 15:17:32.381393
USER_0076,38,2026-04-09 15:17:32.381402
USER_0076,249,2026-05-25 15:17:32.381413
USER_0077,117,2026-04-27 15:17:32.381426
USER_0077,378,2026-06-17 15:17:32.381435
USER_0078,448,2026-06-08 15:17:32.381448
USER_0078,235,2026-04-27 15:17:32.381457
USER_0079,400,2026-04-24 15:17:32.381470
USER_0079,406,2026-05-04 15:17:32.381479
USER_0079,228,2026-04-02 15:17:32.381488
USER_0079,397,2026-03-27 15:17:32.381497
USER_0079,74,2026-04-15 15:17:32.381508
USER_0080,191,2026-05-13 15:17:32.381521
USER_0080,305,2026-05-13 15:17:32.381530
USER_0080,285,2026-03-30 15:17:32.381539
USER_0081,481,2026-04-18 15:17:32.381552
USER_0081,248,2026-04-29 15:17:32.381563
USER_0081,480,2026-05-13 15:17:32.381572
USER_0082,29,2026-04-02 15:17:32.381586
USER_0082,80,2026-04-30 15:17:32.381595
USER_0082,284,2026-06-15 15:17:32.381604
USER_0082,137,2026-06-16 15:17:32.381615
USER_0082,400,2026-04-25 15:17:32.381624
USER_0082,272,2026-04-07 15:17:32.381633
USER_0082,471,2026-03-28 15:17:32.381642
USER_0082,33,2026-04-12 15:17:32.381651
USER_0083,449,2026-04-28 15:17:32.381663
USER_0083,125,2026-04-04 15:17:32.381674
USER_0083,239,2026-05-08 15:17:32.381685
USER_0083,370,2026-04-06 15:17:32.381694
USER_0083,182,2026-05-28 15:17:32.381703
USER_0083,94,2026-04-01 15:17:32.381712
USER_0084,7,2026-06-04 15:17:32.381725
USER_0084,359,2026-06-16 15:17:32.381734
USER_0084,183,2026-06-16 15:17:32.381743
USER_0084,194,2026-05-26 15:17:32.381752
USER_0084,154,2026-04-14 15:17:32.381761
USER_0084,433,2026-05-19 15:17:32.381770
USER_0085,402,2026-04-30 15:17:32.381783
USER_0085,4,2026-05-30 15:17:32.381792
USER_0085,91,2026-03-30 15:17:32.381801
USER_0085,316,2026-05-09 15:17:32.381810
USER_0085,404,2026-05-29 15:17:32.381819
USER_0085,0,2026-04-11 15:17:32.381828
USER_0085,232,2026-06-15 15:17:32.381837
USER_0085,345,2026-06-08 15:17:32.381846
USER_0085,33,2026-05-05 15:17:32.381855
USER_0085,77,2026-05-02 15:17:32.381864
USER_0086,410,2026-05-06 15:17:32.381877
USER_0086,281,2026-04-08 15:17:32.381886
USER_0086,120,2026-05-04 15:17:32.381897
USER_0086,238,2026-03-26 15:17:32.381906
USER_0086,349,2026-04-25 15:17:32.381916
USER_0086,47,2026-04-18 15:17:32.381925
USER_0086,336,2026-04-20 15:17:32.381934
USER_0086,291,2026-05-25 15:17:32.381943
USER_0086,7,2026-06-19 15:17:32.381952
USER_0086,206,2026-04-29 15:17:32.381961
USER_0087,13,2026-03-26 15:17:32.381974
USER_0087,27,2026-03-22 15:17:32.381984
USER_0087,77,2026-03-25 15:17:32.381993
USER_0087,385,2026-03-24 15:17:32.382002
USER_0087,13,2026-05-25 15:17:32.382011
USER_0087,311,2026-04-22 15:17:32.382020
USER_0087,2,2026-06-13 15:17:32.382029
USER_0087,237,2026-05-28 15:17:32.382040
USER_0088,226,2026-05-13 15:17:32.382055
USER_0088,191,2026-06-05 15:17:32.382065
USER_0089,201,2026-05-23 15:17:32.382078
USER_0089,440,2026-05-12 15:17:32.382087
USER_0089,230,2026-06-03 15:17:32.382095
USER_0089,473,2026-03-26 15:17:32.382104
USER_0089,24,2026-05-07 15:17:32.382115
USER_0089,12,2026-06-03 15:17:32.382124
USER_0089,24,2026-03-28 15:17:32.382133
USER_0089,393,2026-04-13 15:17:32.382142
USER_0089,232,2026-04-14 15:17:32.382151
USER_0090,33,2026-03-26 15:17:32.382164
USER_0090,423,2026-06-12 15:17:32.382173
USER_0091,41,2026-03-29 15:17:32.382186
USER_0092,179,2026-06-14 15:17:32.382199
USER_0092,319,2026-05-25 15:17:32.382208
USER_0092,439,2026-04-22 15:17:32.382217
USER_0092,364,2026-04-22 15:17:32.382226
USER_0092,228,2026-04-11 15:17:32.382235
USER_0092,436,2026-05-18 15:17:32.382244
USER_0092,276,2026-05-29 15:17:32.382253
USER_0092,69,2026-04-11 15:17:32.382263
USER_0092,349,2026-06-16 15:17:32.382272
USER_0093,136,2026-04-26 15:17:32.382285
USER_0093,242,2026-06-17 15:17:32.382294
USER_0093,39,2026-05-20 15:17:32.382303
USER_0093,407,2026-05-15 15:17:32.382312
USER_0093,321,2026-06-14 15:17:32.382322
USER_0093,219,2026-03-28 15:17:32.382331
USER_0093,3,2026-04-06 15:17:32.382339
USER_0093,133,2026-04-02 15:17:32.382351
USER_0094,61,2026-04-30 15:17:32.382366
USER_0094,193,2026-04-24 15:17:32.382375
USER_0094,202,2026-04-02 15:17:32.382383
USER_0094,25,2026-06-12 15:17:32.382392
USER_0094,172,2026-04-30 15:17:32.382401
USER_0094,132,2026-05-07 15:17:32.382410
USER_0095,117,2026-05-25 15:17:32.382423
USER_0095,274,2026-04-13 15:17:32.382432
USER_0095,224,2026-03-28 15:17:32.382441
USER_0095,112,2026-05-31 15:17:32.382450
USER_0095,46,2026-06-08 15:17:32.382459
USER_0095,89,2026-06-19 15:17:32.382468
USER_0096,381,2026-05-14 15:17:32.382480
USER_0096,355,2026-06-09 15:17:32.382489
USER_0096,490,2026-04-04 15:17:32.382498
USER_0096,160,2026-06-17 15:17:32.382507
USER_0096,177,2026-06-14 15:17:32.382517
USER_0096,260,2026-06-10 15:17:32.382528
USER_0097,171,2026-06-10 15:17:32.382541
USER_0097,12,2026-06-18 15:17:32.382550
USER_0097,129,2026-05-11 15:17:32.382560
USER_0097,320,2026-03-28 15:17:32.382569
USER_0097,100,2026-04-18 15:17:32.382578
USER_0097,272,2026-04-08 15:17:32.382587
USER_0097,458,2026-06-11 15:17:32.382595
USER_0098,418,2026-05-13 15:17:32.382609
USER_0098,68,2026-05-02 15:17:32.382620
USER_0098,443,2026-04-19 15:17:32.382629
USER_0098,333,2026-05-01 15:17:32.382638
USER_0098,136,2026-04-06 15:17:32.382647
USER_0098,75,2026-05-17 15:17:32.382656
USER_0098,0,2026-05-16 15:17:32.382665
USER_0098,319,2026-05-11 15:17:32.382674
USER_0099,319,2026-04-21 15:17:32.382688
USER_0099,266,2026-04-09 15:17:32.382697
USER_0099,315,2026-06-06 15:17:32.382706
USER_0099,290,2026-05-21 15:17:32.382715
USER_0099,164,2026-03-27 15:17:32.382724
USER_0099,338,2026-06-15 15:17:32.382733
USER_0100,131,2026-04-19 15:17:32.382749
USER_0100,236,2026-03-23 15:17:32.382758
USER_0100,88,2026-05-09 15:17:32.382767
USER_0100,295,2026-06-02 15:17:32.382777
USER_0100,294,2026-04-09 15:17:32.382786
USER_0100,287,2026-06-06 15:17:32.382795
USER_0100,124,2026-04-30 15:17:32.382804
USER_0100,352,2026-05-13 15:17:32.382814
USER_0100,62,2026-05-28 15:17:32.382823
USER_0100,480,2026-06-05 15:17:32.382832
USER_0101,224,2026-06-03 15:17:32.382844
USER_0101,461,2026-04-15 15:17:32.382853
USER_0101,103,2026-04-28 15:17:32.382862
USER_0101,38,2026-04-30 15:17:32.382871
USER_0101,197,2026-04-30 15:17:32.382880
USER_0101,66,2026-06-14 15:17:32.382889
USER_0101,178,2026-06-13 15:17:32.382898
USER_0101,41,2026-04-09 15:17:32.382907
USER_0101,499,2026-04-17 15:17:32.382916
USER_0102,419,2026-05-24 15:17:32.382929
USER_0103,96,2026-04-24 15:17:32.382942
USER_0103,438,2026-05-24 15:17:32.382951
USER_0103,253,2026-05-18 15:17:32.382960
USER_0103,85,2026-04-13 15:17:32.382969
USER_0103,9,2026-04-15 15:17:32.382978
USER_0103,122,2026-06-15 15:17:32.382987
USER_0104,396,2026-05-13 15:17:32.383000
USER_0104,302,2026-05-20 15:17:32.383009
USER_0104,435,2026-03-24 15:17:32.383018
USER_0104,14,2026-04-25 15:17:32.383027
USER_0104,135,2026-05-22 15:17:32.383036
USER_0104,156,2026-06-15 15:17:32.383045
USER_0104,323,2026-05-04 15:17:32.383054
USER_0104,172,2026-04-05 15:17:32.383063
USER_0104,410,2026-06-18 15:17:32.383072
USER_0104,291,2026-05-15 15:17:32.383081
USER_0105,282,2026-05-08 15:17:32.383094
USER_0105,147,2026-04-12 15:17:32.383103
USER_0105,253,2026-06-09 15:17:32.383112
USER_0105,359,2026-04-07 15:17:32.383121
USER_0105,133,2026-05-13 15:17:32.383130
USER_0105,22,2026-04-09 15:17:32.383139
USER_0105,345,2026-05-04 15:17:32.383148
USER_0105,362,2026-05-05 15:17:32.383157
USER_0105,217,2026-06-08 15:17:32.383166
USER_0105,103,2026-06-07 15:17:32.383177
USER_0106,480,2026-03-23 15:17:32.383190
USER_0106,170,2026-04-21 15:17:32.383199
USER_0107,132,2026-04-13 15:17:32.383212
USER_0107,327,2026-05-14 15:17:32.383221
USER_0107,377,2026-05-20 15:17:32.383230
USER_0107,50,2026-06-11 15:17:32.383239
USER_0108,213,2026-05-10 15:17:32.383252
USER_0108,406,2026-06-09 15:17:32.383261
USER_0108,301,2026-06-19 15:17:32.383270
USER_0108,345,2026-05-30 15:17:32.383280
USER_0108,181,2026-05-15 15:17:32.383289
USER_0108,312,2026-03-25 15:17:32.383298
USER_0108,318,2026-06-19 15:17:32.383313
USER_0108,54,2026-04-27 15:17:32.383324
USER_0109,398,2026-05-11 15:17:32.383337
USER_0109,430,2026-05-30 15:17:32.383346
USER_0109,308,2026-04-08 15:17:32.383357
USER_0110,435,2026-04-07 15:17:32.383376
USER_0110,116,2026-04-24 15:17:32.383387
USER_0110,424,2026-05-25 15:17:32.383396
USER_0110,62,2026-05-16 15:17:32.383405
USER_0110,89,2026-05-26 15:17:32.383414
USER_0110,293,2026-04-06 15:17:32.383423
USER_0110,390,2026-06-18 15:17:32.383433
USER_0110,474,2026-03-30 15:17:32.383442
USER_0110,346,2026-05-17 15:17:32.383451
USER_0111,442,2026-05-08 15:17:32.383467
USER_0112,151,2026-04-27 15:17:32.383480
USER_0112,454,2026-05-26 15:17:32.383491
USER_0112,197,2026-04-29 15:17:32.383503
USER_0113,160,2026-03-24 15:17:32.383517
USER_0113,284,2026-05-02 15:17:32.383526
USER_0113,490,2026-04-18 15:17:32.383535
USER_0113,153,2026-05-29 15:17:32.383543
USER_0113,369,2026-05-23 15:17:32.383552
USER_0114,454,2026-05-02 15:17:32.383565
USER_0114,83,2026-03-31 15:17:32.383574
USER_0114,147,2026-05-02 15:17:32.383583
USER_0114,475,2026-03-26 15:17:32.383592
USER_0114,188,2026-04-18 15:17:32.383601
USER_0115,326,2026-05-02 15:17:32.383614
USER_0115,223,2026-06-19 15:17:32.383623
USER_0115,477,2026-06-07 15:17:32.383632
USER_0115,434,2026-03-25 15:17:32.383641
USER_0115,210,2026-04-25 15:17:32.383650
USER_0115,31,2026-04-19 15:17:32.383659
USER_0115,284,2026-05-21 15:17:32.383668
USER_0115,428,2026-05-02 15:17:32.383677
USER_0116,17,2026-06-01 15:17:32.383690
USER_0116,77,2026-06-19 15:17:32.383699
USER_0116,497,2026-05-04 15:17:32.383708
USER_0116,475,2026-04-15 15:17:32.383717
USER_0116,434,2026-05-13 15:17:32.383726
USER_0116,131,2026-04-18 15:17:32.383735
USER_0116,263,2026-06-19 15:17:32.383744
USER_0116,54,2026-05-22 15:17:32.383753
USER_0117,287,2026-06-17 15:17:32.383765
USER_0117,457,2026-06-10 15:17:32.383774
USER_0117,365,2026-03-29 15:17:32.383783
USER_0117,379,2026-05-17 15:17:32.383792
USER_0117,54,2026-03-25 15:17:32.383801
USER_0117,177,2026-05-19 15:17:32.383810
USER_0117,348,2026-06-13 15:17:32.383819
USER_0118,312,2026-04-16 15:17:32.383832
USER_0118,471,2026-04-14 15:17:32.383841
USER_0118,442,2026-03-25 15:17:32.383850
USER_0118,53,2026-04-09 15:17:32.383859
USER_0118,50,2026-04-14 15:17:32.383868
USER_0118,417,2026-06-12 15:17:32.383877
USER_0118,95,2026-05-16 15:17:32.383886
USER_0118,77,2026-03-24 15:17:32.383895
USER_0119,490,2026-05-05 15:17:32.383908
USER_0119,451,2026-06-04 15:17:32.383917
USER_0119,181,2026-05-14 15:17:32.383926
USER_0119,397,2026-03-27 15:17:32.383935
USER_0119,431,2026-04-26 15:17:32.383946
USER_0119,6,2026-03-30 15:17:32.383956
USER_0119,262,2026-04-07 15:17:32.383965
USER_0119,150,2026-05-18 15:17:32.383974
USER_0120,111,2026-06-01 15:17:32.383987
USER_0120,35,2026-06-01 15:17:32.383996
USER_0120,187,2026-05-22 15:17:32.384005
USER_0120,1,2026-03-30 15:17:32.384014
USER_0120,302,2026-06-19 15:17:32.384023
USER_0121,10,2026-05-31 15:17:32.384035
USER_0121,194,2026-06-18 15:17:32.384048
USER_0121,118,2026-03-25 15:17:32.384058
USER_0121,19,2026-06-08 15:17:32.384067
USER_0121,292,2026-06-15 15:17:32.384078
USER_0122,225,2026-06-11 15:17:32.384090
USER_0122,427,2026-04-28 15:17:32.384099
USER_0122,363,2026-03-26 15:17:32.384109
USER_0122,80,2026-05-27 15:17:32.384118
USER_0122,157,2026-04-07 15:17:32.384127
USER_0122,493,2026-04-22 15:17:32.384136
USER_0123,369,2026-03-31 15:17:32.384149
USER_0123,13,2026-03-31 15:17:32.384158
USER_0123,39,2026-06-11 15:17:32.384167
USER_0123,236,2026-04-15 15:17:32.384176
USER_0123,358,2026-05-26 15:17:32.384185
USER_0123,245,2026-04-08 15:17:32.384196
USER_0123,234,2026-05-29 15:17:32.384205
USER_0124,441,2026-05-25 15:17:32.384217
USER_0124,108,2026-05-22 15:17:32.384227
USER_0124,292,2026-03-25 15:17:32.384236
USER_0124,325,2026-04-06 15:17:32.384245
USER_0125,41,2026-03-27 15:17:32.384260
USER_0125,421,2026-05-10 15:17:32.384269
USER_0126,164,2026-06-03 15:17:32.384282
USER_0126,485,2026-05-26 15:17:32.384291
USER_0127,86,2026-04-05 15:17:32.384304
USER_0127,468,2026-03-26 15:17:32.384313
USER_0127,312,2026-05-24 15:17:32.384322
USER_0127,133,2026-05-20 15:17:32.384333
USER_0127,97,2026-05-11 15:17:32.384342
USER_0127,236,2026-06-08 15:17:32.384351
USER_0127,454,2026-04-28 15:17:32.384362
USER_0127,172,2026-06-10 15:17:32.384371
USER_0127,409,2026-06-03 15:17:32.384380
USER_0127,475,2026-03-27 15:17:32.384389
USER_0128,63,2026-05-05 15:17:32.384402
USER_0128,309,2026-06-18 15:17:32.384411
USER_0128,306,2026-04-16 15:17:32.384420
USER_0128,291,2026-04-28 15:17:32.384429
USER_0128,28,2026-05-25 15:17:32.384438
USER_0128,266,2026-05-30 15:17:32.384447
USER_0128,10,2026-05-11 15:17:32.384456
USER_0128,112,2026-05-15 15:17:32.384465
USER_0128,294,2026-04-22 15:17:32.384474
USER_0128,97,2026-04-27 15:17:32.384483
USER_0129,245,2026-05-27 15:17:32.384496
USER_0129,68,2026-05-29 15:17:32.384509
USER_0129,288,2026-04-25 15:17:32.384518
USER_0129,238,2026-05-15 15:17:32.384527
USER_0129,466,2026-05-31 15:17:32.384536
USER_0129,445,2026-03-31 15:17:32.384546
USER_0129,153,2026-04-08 15:17:32.384555
USER_0130,200,2026-04-08 15:17:32.384568
USER_0130,16,2026-05-11 15:17:32.384577
USER_0131,60,2026-03-23 15:17:32.384592
USER_0132,24,2026-05-09 15:17:32.384605
USER_0132,290,2026-05-12 15:17:32.384614
USER_0132,497,2026-06-17 15:17:32.384623
USER_0132,434,2026-05-07 15:17:32.384632
USER_0132,274,2026-06-08 15:17:32.384642
USER_0132,442,2026-05-07 15:17:32.384651
USER_0132,444,2026-05-02 15:17:32.384660
USER_0132,329,2026-06-03 15:17:32.384669
USER_0133,496,2026-04-26 15:17:32.384682
USER_0133,11,2026-05-04 15:17:32.384691
USER_0133,79,2026-04-19 15:17:32.384700
USER_0133,338,2026-03-24 15:17:32.384709
USER_0133,478,2026-06-12 15:17:32.384718
USER_0133,80,2026-05-30 15:17:32.384727
USER_0133,484,2026-03-25 15:17:32.384736
USER_0133,197,2026-04-01 15:17:32.384745
USER_0133,24,2026-04-09 15:17:32.384754
USER_0134,267,2026-03-23 15:17:32.384767
USER_0134,58,2026-06-05 15:17:32.384777
USER_0135,46,2026-05-25 15:17:32.384790
USER_0135,265,2026-05-19 15:17:32.384799
USER_0135,198,2026-06-04 15:17:32.384808
USER_0135,406,2026-06-03 15:17:32.384818
USER_0135,468,2026-05-25 15:17:32.384828
USER_0135,249,2026-03-26 15:17:32.384837
USER_0135,269,2026-06-13 15:17:32.384847
USER_0135,116,2026-04-02 15:17:32.384856
USER_0135,136,2026-06-13 15:17:32.384865
USER_0135,327,2026-05-03 15:17:32.384874
USER_0136,214,2026-04-22 15:17:32.384891
USER_0136,222,2026-03-30 15:17:32.384900
USER_0137,482,2026-05-12 15:17:32.384915
USER_0137,442,2026-06-02 15:17:32.384925
USER_0137,13,2026-06-03 15:17:32.384934
USER_0137,151,2026-05-20 15:17:32.384942
USER_0138,300,2026-04-21 15:17:32.384955
USER_0138,292,2026-06-17 15:17:32.384964
USER_0138,423,2026-05-08 15:17:32.384973
USER_0139,470,2026-04-26 15:17:32.384986
USER_0139,14,2026-05-12 15:17:32.384996
USER_0139,348,2026-06-16 15:17:32.385005
USER_0139,408,2026-03-26 15:17:32.385014
USER_0139,209,2026-06-07 15:17:32.385023
USER_0139,15,2026-05-18 15:17:32.385032
USER_0139,107,2026-05-09 15:17:32.385041
USER_0139,310,2026-04-15 15:17:32.385052
USER_0139,33,2026-05-09 15:17:32.385061
USER_0139,250,2026-05-21 15:17:32.385070
USER_0140,140,2026-06-07 15:17:32.385083
USER_0140,415,2026-06-02 15:17:32.385092
USER_0140,301,2026-05-12 15:17:32.385101
USER_0140,445,2026-05-22 15:17:32.385110
USER_0140,244,2026-04-19 15:17:32.385119
USER_0140,271,2026-04-24 15:17:32.385128
USER_0140,235,2026-04-25 15:17:32.385140
USER_0141,413,2026-06-10 15:17:32.385152
USER_0141,358,2026-05-26 15:17:32.385161
USER_0141,388,2026-03-28 15:17:32.385171
USER_0141,477,2026-04-16 15:17:32.385180
USER_0141,2,2026-05-02 15:17:32.385189
USER_0141,141,2026-05-06 15:17:32.385197
USER_0141,497,2026-05-21 15:17:32.385206
USER_0141,145,2026-04-13 15:17:32.385215
USER_0141,292,2026-04-19 15:17:32.385226
USER_0142,192,2026-05-03 15:17:32.385239
USER_0142,493,2026-04-28 15:17:32.385248
USER_0142,72,2026-04-02 15:17:32.385257
USER_0142,304,2026-06-05 15:17:32.385266
USER_0142,451,2026-03-24 15:17:32.385275
USER_0142,186,2026-06-08 15:17:32.385284
USER_0142,60,2026-05-14 15:17:32.385293
USER_0142,379,2026-05-08 15:17:32.385302
USER_0142,294,2026-04-11 15:17:32.385311
USER_0143,301,2026-04-18 15:17:32.385324
USER_0143,10,2026-03-24 15:17:32.385333
USER_0143,332,2026-04-19 15:17:32.385342
USER_0143,198,2026-05-26 15:17:32.385351
USER_0143,259,2026-04-29 15:17:32.385362
USER_0143,71,2026-04-22 15:17:32.385377
USER_0143,348,2026-05-31 15:17:32.385386
USER_0143,309,2026-04-18 15:17:32.385395
USER_0144,106,2026-04-07 15:17:32.385408
USER_0144,217,2026-04-24 15:17:32.385417
USER_0144,240,2026-05-10 15:17:32.385426
USER_0144,375,2026-06-17 15:17:32.385435
USER_0144,4,2026-06-14 15:17:32.385444
USER_0145,46,2026-04-27 15:17:32.385457
USER_0145,176,2026-03-25 15:17:32.385466
USER_0145,98,2026-06-11 15:17:32.385475
USER_0145,377,2026-05-31 15:17:32.385484
USER_0145,378,2026-04-20 15:17:32.385493
USER_0146,177,2026-05-16 15:17:32.385506
USER_0146,61,2026-03-30 15:17:32.385515
USER_0146,215,2026-06-03 15:17:32.385524
USER_0146,159,2026-06-17 15:17:32.385536
USER_0146,119,2026-06-07 15:17:32.385545
USER_0146,328,2026-03-23 15:17:32.385554
USER_0146,397,2026-04-13 15:17:32.385563
USER_0146,104,2026-06-09 15:17:32.385572
USER_0146,322,2026-04-25 15:17:32.385581
USER_0146,136,2026-05-22 15:17:32.385591
USER_0147,225,2026-05-26 15:17:32.385605
USER_0147,169,2026-04-05 15:17:32.385614
USER_0147,462,2026-06-11 15:17:32.385623
USER_0148,260,2026-05-26 15:17:32.385636
USER_0148,442,2026-06-09 15:17:32.385645
USER_0148,123,2026-03-24 15:17:32.385655
USER_0148,37,2026-04-02 15:17:32.385664
USER_0148,250,2026-04-09 15:17:32.385673
USER_0148,175,2026-06-15 15:17:32.385682
USER_0148,401,2026-03-22 15:17:32.385691
USER_0148,36,2026-04-11 15:17:32.385702
USER_0149,80,2026-04-04 15:17:32.385715
USER_0149,300,2026-05-11 15:17:32.385726
USER_0149,348,2026-04-19 15:17:32.385737
USER_0149,322,2026-04-23 15:17:32.385746
USER_0149,39,2026-04-25 15:17:32.385755
USER_0150,346,2026-05-11 15:17:32.385768
USER_0150,236,2026-04-04 15:17:32.385777
USER_0151,215,2026-06-14 15:17:32.385790
USER_0152,167,2026-04-01 15:17:32.385804
USER_0152,58,2026-04-22 15:17:32.385813
USER_0152,168,2026-05-03 15:17:32.385821
USER_0153,169,2026-04-28 15:17:32.385834
USER_0153,154,2026-04-18 15:17:32.385844
USER_0153,187,2026-05-13 15:17:32.385852
USER_0153,132,2026-06-13 15:17:32.385862
USER_0153,313,2026-05-06 15:17:32.385873
USER_0153,22,2026-05-20 15:17:32.385882
USER_0153,393,2026-05-09 15:17:32.385891
USER_0153,362,2026-05-19 15:17:32.385900
USER_0153,157,2026-04-28 15:17:32.385909
USER_0154,81,2026-05-20 15:17:32.385922
USER_0154,205,2026-06-18 15:17:32.385931
USER_0154,476,2026-04-04 15:17:32.385942
USER_0154,294,2026-06-08 15:17:32.385954
USER_0154,223,2026-04-15 15:17:32.385963
USER_0154,45,2026-06-07 15:17:32.385972
USER_0154,112,2026-05-24 15:17:32.385981
USER_0155,359,2026-06-03 15:17:32.385994
USER_0155,447,2026-04-21 15:17:32.386003
USER_0155,364,2026-03-24 15:17:32.386012
USER_0155,495,2026-05-16 15:17:32.386021
USER_0155,466,2026-04-11 15:17:32.386030
USER_0155,454,2026-05-21 15:17:32.386039
USER_0155,232,2026-04-07 15:17:32.386048
USER_0155,411,2026-04-18 15:17:32.386057
USER_0155,334,2026-04-21 15:17:32.386066
USER_0156,195,2026-05-29 15:17:32.386079
USER_0156,351,2026-05-31 15:17:32.386088
USER_0156,218,2026-04-13 15:17:32.386097
USER_0156,16,2026-04-17 15:17:32.386106
USER_0156,405,2026-06-08 15:17:32.386115
USER_0157,373,2026-06-10 15:17:32.386128
USER_0158,473,2026-05-29 15:17:32.386146
USER_0159,305,2026-03-30 15:17:32.386159
USER_0159,191,2026-06-06 15:17:32.386168
USER_0159,284,2026-05-04 15:17:32.386177
USER_0159,163,2026-04-05 15:17:32.386186
USER_0159,380,2026-04-29 15:17:32.386195
USER_0159,6,2026-04-05 15:17:32.386204
USER_0159,394,2026-05-22 15:17:32.386213
USER_0159,133,2026-05-18 15:17:32.386222
USER_0160,57,2026-04-06 15:17:32.386235
USER_0160,25,2026-03-25 15:17:32.386244
USER_0160,225,2026-05-05 15:17:32.386253
USER_0161,98,2026-03-31 15:17:32.386266
USER_0161,488,2026-06-07 15:17:32.386275
USER_0161,270,2026-05-12 15:17:32.386284
USER_0161,156,2026-05-22 15:17:32.386293
USER_0162,129,2026-05-19 15:17:32.386306
USER_0162,461,2026-05-04 15:17:32.386314
USER_0162,21,2026-03-28 15:17:32.386324
USER_0162,26,2026-04-06 15:17:32.386333
USER_0163,381,2026-03-31 15:17:32.386346
USER_0163,91,2026-04-25 15:17:32.386355
USER_0163,302,2026-05-30 15:17:32.386364
USER_0164,83,2026-04-22 15:17:32.386379
USER_0164,146,2026-06-14 15:17:32.386388
USER_0164,452,2026-04-24 15:17:32.386397
USER_0164,256,2026-06-17 15:17:32.386406
USER_0164,379,2026-04-23 15:17:32.386415
USER_0165,161,2026-06-05 15:17:32.386428
USER_0165,162,2026-04-20 15:17:32.386437
USER_0165,496,2026-04-17 15:17:32.386446
USER_0165,279,2026-05-26 15:17:32.386455
USER_0165,273,2026-06-08 15:17:32.386464
USER_0165,491,2026-06-05 15:17:32.386473
USER_0166,429,2026-04-21 15:17:32.386486
USER_0166,144,2026-03-23 15:17:32.386495
USER_0166,7,2026-04-28 15:17:32.386506
USER_0166,26,2026-04-02 15:17:32.386515
USER_0166,49,2026-05-05 15:17:32.386524
USER_0166,386,2026-04-10 15:17:32.386533
USER_0166,427,2026-04-17 15:17:32.386542
USER_0166,23,2026-04-28 15:17:32.386551
USER_0167,403,2026-06-17 15:17:32.386565
USER_0167,14,2026-05-05 15:17:32.386574
USER_0167,221,2026-05-26 15:17:32.386583
USER_0167,454,2026-04-03 15:17:32.386596
USER_0167,381,2026-06-03 15:17:32.386605
USER_0167,227,2026-03-28 15:17:32.386614
USER_0167,165,2026-06-11 15:17:32.386624
USER_0167,443,2026-05-03 15:17:32.386633
USER_0167,213,2026-04-18 15:17:32.386642
USER_0167,343,2026-06-18 15:17:32.386651
USER_0168,63,2026-06-09 15:17:32.386664
USER_0168,208,2026-04-04 15:17:32.386673
USER_0168,276,2026-04-09 15:17:32.386681
USER_0168,477,2026-06-02 15:17:32.386690
USER_0168,337,2026-04-17 15:17:32.386699
USER_0168,31,2026-05-13 15:17:32.386708
USER_0168,300,2026-06-09 15:17:32.386717
USER_0168,288,2026-03-23 15:17:32.386726
USER_0169,391,2026-05-10 15:17:32.386739
USER_0169,213,2026-06-09 15:17:32.386748
USER_0169,87,2026-04-30 15:17:32.386757
USER_0169,400,2026-05-10 15:17:32.386766
USER_0169,376,2026-04-05 15:17:32.386777
USER_0169,159,2026-05-05 15:17:32.386786
USER_0170,91,2026-03-26 15:17:32.386799
USER_0170,160,2026-05-31 15:17:32.386808
USER_0170,423,2026-04-07 15:17:32.386817
USER_0170,241,2026-05-19 15:17:32.386830
USER_0170,224,2026-06-18 15:17:32.386841
USER_0170,232,2026-05-18 15:17:32.386850
USER_0171,115,2026-04-04 15:17:32.386862
USER_0172,102,2026-05-29 15:17:32.386875
USER_0172,165,2026-04-15 15:17:32.386884
USER_0172,173,2026-03-22 15:17:32.386893
USER_0172,481,2026-06-05 15:17:32.386903
USER_0172,304,2026-05-07 15:17:32.386912
USER_0172,316,2026-04-06 15:17:32.386921
USER_0172,122,2026-04-14 15:17:32.386930
USER_0172,8,2026-06-14 15:17:32.386938
USER_0172,72,2026-06-14 15:17:32.386947
USER_0172,40,2026-05-19 15:17:32.386956
USER_0173,263,2026-04-05 15:17:32.386969
USER_0173,177,2026-04-09 15:17:32.386978
USER_0174,110,2026-04-19 15:17:32.386991
USER_0174,458,2026-06-13 15:17:32.387000
USER_0174,207,2026-03-28 15:17:32.387009
USER_0174,389,2026-06-16 15:17:32.387018
USER_0175,409,2026-05-29 15:17:32.387031
USER_0175,126,2026-06-17 15:17:32.387040
USER_0175,187,2026-05-10 15:17:32.387053
USER_0175,458,2026-06-06 15:17:32.387062
USER_0175,11,2026-03-30 15:17:32.387070
USER_0175,11,2026-03-25 15:17:32.387079
USER_0175,24,2026-06-07 15:17:32.387088
USER_0175,242,2026-05-06 15:17:32.387097
USER_0175,54,2026-06-01 15:17:32.387106
USER_0175,391,2026-05-06 15:17:32.387115
USER_0176,182,2026-04-28 15:17:32.387128
USER_0176,306,2026-05-19 15:17:32.387140
USER_0176,81,2026-05-07 15:17:32.387149
USER_0176,401,2026-04-11 15:17:32.387158
USER_0176,149,2026-03-29 15:17:32.387167
USER_0176,351,2026-05-14 15:17:32.387176
USER_0176,360,2026-04-25 15:17:32.387185
USER_0177,201,2026-05-23 15:17:32.387197
USER_0177,444,2026-05-16 15:17:32.387206
USER_0177,446,2026-04-27 15:17:32.387216
USER_0178,331,2026-06-13 15:17:32.387229
USER_0179,158,2026-03-27 15:17:32.387241
USER_0180,23,2026-04-20 15:17:32.387254
USER_0180,292,2026-05-31 15:17:32.387268
USER_0180,219,2026-06-16 15:17:32.387277
USER_0180,443,2026-05-31 15:17:32.387286
USER_0180,49,2026-05-27 15:17:32.387295
USER_0180,434,2026-05-02 15:17:32.387304
USER_0180,249,2026-05-15 15:17:32.387313
USER_0180,334,2026-04-15 15:17:32.387322
USER_0180,419,2026-05-17 15:17:32.387331
USER_0180,294,2026-06-14 15:17:32.387340
USER_0181,245,2026-04-23 15:17:32.387354
USER_0181,130,2026-06-08 15:17:32.387363
USER_0181,39,2026-06-02 15:17:32.387377
USER_0181,398,2026-05-30 15:17:32.387386
USER_0181,7,2026-05-25 15:17:32.387395
USER_0181,297,2026-03-25 15:17:32.387404
USER_0181,13,2026-05-07 15:17:32.387413
USER_0181,1,2026-04-03 15:17:32.387422
USER_0181,324,2026-05-14 15:17:32.387431
USER_0181,492,2026-05-13 15:17:32.387440
USER_0182,315,2026-04-19 15:17:32.387455
USER_0182,230,2026-06-06 15:17:32.387464
USER_0182,83,2026-03-23 15:17:32.387473
USER_0182,230,2026-06-18 15:17:32.387482
USER_0182,144,2026-04-11 15:17:32.387491
USER_0182,27,2026-03-23 15:17:32.387500
USER_0182,162,2026-04-15 15:17:32.387509
USER_0182,448,2026-06-15 15:17:32.387518
USER_0182,459,2026-05-11 15:17:32.387527
USER_0183,300,2026-05-15 15:17:32.387540
USER_0183,302,2026-05-28 15:17:32.387549
USER_0183,394,2026-05-20 15:17:32.387558
USER_0183,194,2026-06-10 15:17:32.387567
USER_0183,79,2026-06-06 15:17:32.387576
USER_0183,92,2026-04-07 15:17:32.387585
USER_0183,331,2026-06-10 15:17:32.387594
USER_0183,132,2026-06-19 15:17:32.387603
USER_0184,170,2026-06-12 15:17:32.387616
USER_0184,0,2026-04-05 15:17:32.387625
USER_0184,63,2026-04-24 15:17:32.387634
USER_0184,283,2026-03-28 15:17:32.387643
USER_0185,174,2026-05-14 15:17:32.387656
USER_0185,164,2026-04-05 15:17:32.387666
USER_0185,496,2026-05-02 15:17:32.387675
USER_0185,311,2026-05-07 15:17:32.387686
USER_0185,366,2026-05-23 15:17:32.387695
USER_0185,389,2026-04-02 15:17:32.387704
USER_0185,403,2026-04-20 15:17:32.387713
USER_0185,129,2026-04-03 15:17:32.387722
USER_0185,292,2026-04-08 15:17:32.387731
USER_0186,284,2026-05-25 15:17:32.387744
USER_0186,118,2026-06-19 15:17:32.387755
USER_0186,197,2026-05-16 15:17:32.387764
USER_0186,324,2026-04-22 15:17:32.387777
USER_0187,205,2026-04-30 15:17:32.387793
USER_0188,180,2026-05-31 15:17:32.387806
USER_0188,250,2026-03-24 15:17:32.387815
USER_0188,125,2026-05-08 15:17:32.387824
USER_0188,305,2026-03-23 15:17:32.387833
USER_0188,184,2026-05-22 15:17:32.387842
USER_0188,222,2026-05-12 15:17:32.387853
USER_0188,494,2026-04-25 15:17:32.387862
USER_0188,177,2026-05-08 15:17:32.387871
USER_0188,427,2026-05-28 15:17:32.387880
USER_0188,339,2026-05-13 15:17:32.387889
USER_0189,307,2026-05-06 15:17:32.387902
USER_0189,433,2026-04-01 15:17:32.387911
USER_0189,497,2026-06-12 15:17:32.387920
USER_0189,128,2026-03-27 15:17:32.387929
USER_0189,156,2026-06-12 15:17:32.387938
USER_0189,494,2026-06-15 15:17:32.387947
USER_0189,174,2026-03-26 15:17:32.387956
USER_0190,310,2026-04-16 15:17:32.387969
USER_0190,426,2026-03-22 15:17:32.387978
USER_0191,113,2026-05-21 15:17:32.387991
USER_0191,144,2026-03-30 15:17:32.387999
USER_0191,135,2026-05-25 15:17:32.388008
USER_0191,231,2026-05-04 15:17:32.388017
USER_0191,474,2026-04-05 15:17:32.388026
USER_0191,344,2026-04-09 15:17:32.388035
USER_0191,451,2026-05-05 15:17:32.388044
USER_0191,0,2026-05-18 15:17:32.388053
USER_0191,286,2026-06-01 15:17:32.388062
USER_0191,141,2026-04-01 15:17:32.388074
USER_0192,68,2026-05-03 15:17:32.388089
USER_0192,445,2026-03-22 15:17:32.388098
USER_0192,497,2026-04-15 15:17:32.388107
USER_0192,453,2026-04-17 15:17:32.388116
USER_0192,72,2026-04-18 15:17:32.388125
USER_0193,88,2026-05-10 15:17:32.388138
USER_0194,158,2026-04-04 15:17:32.388151
USER_0194,323,2026-04-06 15:17:32.388160
USER_0194,101,2026-06-16 15:17:32.388169
USER_0194,453,2026-06-01 15:17:32.388178
USER_0194,396,2026-03-30 15:17:32.388187
USER_0194,338,2026-05-28 15:17:32.388196
USER_0194,128,2026-04-06 15:17:32.388205
USER_0194,309,2026-03-24 15:17:32.388214
USER_0194,88,2026-04-10 15:17:32.388223
USER_0195,64,2026-06-05 15:17:32.388236
USER_0195,198,2026-04-05 15:17:32.388245
USER_0195,404,2026-06-05 15:17:32.388254
USER_0195,315,2026-06-01 15:17:32.388263
USER_0195,416,2026-03-23 15:17:32.388272
USER_0196,427,2026-05-16 15:17:32.388287
USER_0197,266,2026-03-22 15:17:32.388300
USER_0197,109,2026-04-09 15:17:32.388309
USER_0197,329,2026-04-03 15:17:32.388318
USER_0197,429,2026-04-15 15:17:32.388327
USER_0197,2,2026-06-11 15:17:32.388336
USER_0197,281,2026-03-27 15:17:32.388345
USER_0198,449,2026-05-03 15:17:32.388357
USER_0198,411,2026-04-11 15:17:32.388366
USER_0198,152,2026-05-25 15:17:32.388375
USER_0198,132,2026-06-08 15:17:32.388384
USER_0198,292,2026-05-03 15:17:32.388394
USER_0198,299,2026-04-02 15:17:32.388403
USER_0198,42,2026-06-05 15:17:32.388414
USER_0198,342,2026-05-03 15:17:32.388423
USER_0199,497,2026-05-05 15:17:32.388436
USER_0199,492,2026-05-08 15:17:32.388445
USER_0199,406,2026-05-30 15:17:32.388454
USER_0199,302,2026-04-01 15:17:32.388465
USER_0199,280,2026-06-05 15:17:32.388474
USER_0199,202,2026-05-15 15:17:32.388485
USER_0200,323,2026-06-05 15:17:32.388497
USER_0200,140,2026-05-30 15:17:32.388508
USER_0200,274,2026-03-26 15:17:32.388517
USER_0201,380,2026-04-03 15:17:32.388533
USER_0201,495,2026-04-13 15:17:32.388558
USER_0202,493,2026-04-29 15:17:32.388572
USER_0202,156,2026-05-24 15:17:32.388582
USER_0202,290,2026-05-23 15:17:32.388827
USER_0202,143,2026-06-12 15:17:32.388840
USER_0202,157,2026-05-15 15:17:32.388850
USER_0203,432,2026-06-18 15:17:32.388864
USER_0203,131,2026-04-04 15:17:32.388874
USER_0204,349,2026-03-23 15:17:32.388889
USER_0204,262,2026-04-06 15:17:32.388898
USER_0204,38,2026-04-07 15:17:32.388908
USER_0204,158,2026-06-07 15:17:32.388918
USER_0204,446,2026-04-10 15:17:32.388928
USER_0204,240,2026-04-25 15:17:32.388937
USER_0204,444,2026-05-09 15:17:32.388947
USER_0204,439,2026-05-09 15:17:32.388958
USER_0204,83,2026-05-15 15:17:32.388968
USER_0204,373,2026-04-13 15:17:32.388978
USER_0205,384,2026-04-27 15:17:32.388991
USER_0205,375,2026-05-07 15:17:32.389001
USER_0205,361,2026-05-06 15:17:32.389011
USER_0205,378,2026-05-04 15:17:32.389021
USER_0205,374,2026-06-07 15:17:32.389030
USER_0205,117,2026-05-29 15:17:32.389040
USER_0205,213,2026-05-30 15:17:32.389049
USER_0206,8,2026-05-25 15:17:32.389063
USER_0206,9,2026-06-05 15:17:32.389074
USER_0206,377,2026-03-24 15:17:32.389087
USER_0206,71,2026-05-09 15:17:32.389096
USER_0206,207,2026-05-27 15:17:32.389170
USER_0206,153,2026-05-02 15:17:32.389182
USER_0206,67,2026-05-14 15:17:32.389192
USER_0206,151,2026-05-01 15:17:32.389201
USER_0206,99,2026-06-01 15:17:32.389211
USER_0207,344,2026-04-07 15:17:32.389225
USER_0207,402,2026-06-02 15:17:32.389235
USER_0207,457,2026-05-15 15:17:32.389244
USER_0207,241,2026-04-26 15:17:32.389254
USER_0207,174,2026-04-12 15:17:32.389264
USER_0207,482,2026-05-02 15:17:32.389273
USER_0207,118,2026-05-18 15:17:32.389283
USER_0208,149,2026-03-31 15:17:32.389296
USER_0208,292,2026-05-03 15:17:32.389306
USER_0208,418,2026-06-05 15:17:32.389318
USER_0208,159,2026-04-10 15:17:32.389337
USER_0208,137,2026-06-09 15:17:32.389351
USER_0209,76,2026-04-03 15:17:32.389372
USER_0209,253,2026-04-24 15:17:32.389397
USER_0209,257,2026-05-26 15:17:32.389412
USER_0209,290,2026-04-17 15:17:32.389427
USER_0209,84,2026-06-13 15:17:32.389442
USER_0209,322,2026-06-02 15:17:32.389465
USER_0209,373,2026-05-09 15:17:32.389480
USER_0209,424,2026-05-12 15:17:32.389495
USER_0209,486,2026-04-06 15:17:32.389510
USER_0210,301,2026-04-21 15:17:32.389531
USER_0210,67,2026-06-01 15:17:32.389548
USER_0210,101,2026-03-22 15:17:32.389563
USER_0210,287,2026-05-09 15:17:32.389577
USER_0210,108,2026-05-12 15:17:32.389591
USER_0210,231,2026-05-15 15:17:32.389608
USER_0210,386,2026-05-15 15:17:32.389622
USER_0210,135,2026-04-08 15:17:32.389635
USER_0211,424,2026-04-11 15:17:32.389656
USER_0212,268,2026-04-13 15:17:32.389677
USER_0212,315,2026-05-02 15:17:32.389693
USER_0212,443,2026-06-18 15:17:32.389708
USER_0212,427,2026-06-15 15:17:32.389724
USER_0212,159,2026-05-24 15:17:32.389740
USER_0212,263,2026-05-30 15:17:32.389756
USER_0212,49,2026-04-09 15:17:32.389772
USER_0213,380,2026-05-07 15:17:32.389794
USER_0213,258,2026-04-23 15:17:32.389812
USER_0213,325,2026-03-26 15:17:32.389827
USER_0214,171,2026-03-25 15:17:32.389847
USER_0214,101,2026-06-18 15:17:32.389862
USER_0215,353,2026-05-16 15:17:32.389885
USER_0216,115,2026-05-21 15:17:32.389908
USER_0216,149,2026-06-12 15:17:32.389924
USER_0216,441,2026-05-07 15:17:32.389943
USER_0216,452,2026-05-15 15:17:32.389961
USER_0216,476,2026-04-04 15:17:32.389977
USER_0216,302,2026-05-20 15:17:32.389992
USER_0216,207,2026-04-26 15:17:32.390008
USER_0217,157,2026-04-19 15:17:32.390031
USER_0217,399,2026-04-26 15:17:32.390047
USER_0217,144,2026-06-08 15:17:32.390063
USER_0217,395,2026-06-04 15:17:32.390078
USER_0217,467,2026-06-12 15:17:32.390094
USER_0217,143,2026-06-17 15:17:32.390110
USER_0217,236,2026-05-21 15:17:32.390126
USER_0217,347,2026-05-28 15:17:32.390142
USER_0217,467,2026-06-15 15:17:32.390158
USER_0217,120,2026-04-16 15:17:32.390174
USER_0218,453,2026-03-28 15:17:32.390196
USER_0218,465,2026-05-29 15:17:32.390212
USER_0218,230,2026-04-09 15:17:32.390228
USER_0218,160,2026-05-19 15:17:32.390244
USER_0218,459,2026-06-04 15:17:32.390262
USER_0219,291,2026-06-06 15:17:32.390291
USER_0219,113,2026-05-28 15:17:32.390307
USER_0219,360,2026-04-15 15:17:32.390323
USER_0219,257,2026-03-27 15:17:32.390339
USER_0219,448,2026-04-08 15:17:32.390355
USER_0219,322,2026-04-06 15:17:32.390370
USER_0220,406,2026-04-19 15:17:32.390392
USER_0220,195,2026-05-25 15:17:32.390407
USER_0220,310,2026-03-30 15:17:32.390422
USER_0220,418,2026-06-14 15:17:32.390438
USER_0221,142,2026-05-08 15:17:32.390460
USER_0221,315,2026-03-26 15:17:32.390476
USER_0221,238,2026-06-08 15:17:32.390492
USER_0221,41,2026-05-02 15:17:32.390507
USER_0221,81,2026-05-13 15:17:32.390523
USER_0221,290,2026-05-06 15:17:32.390538
USER_0222,461,2026-05-21 15:17:32.390564
USER_0222,66,2026-06-14 15:17:32.390580
USER_0222,6,2026-04-01 15:17:32.390595
USER_0222,13,2026-04-29 15:17:32.390611
USER_0222,398,2026-04-08 15:17:32.390628
USER_0222,162,2026-05-30 15:17:32.390643
USER_0222,346,2026-04-15 15:17:32.390659
USER_0222,418,2026-06-18 15:17:32.390675
USER_0223,275,2026-04-03 15:17:32.390698
USER_0223,255,2026-03-30 15:17:32.390714
USER_0224,449,2026-05-26 15:17:32.390736
USER_0224,252,2026-05-26 15:17:32.390752
USER_0224,288,2026-04-27 15:17:32.390768
USER_0224,94,2026-05-15 15:17:32.390784
USER_0224,320,2026-06-06 15:17:32.390802
USER_0224,309,2026-04-01 15:17:32.390820
USER_0224,386,2026-04-29 15:17:32.390835
USER_0224,389,2026-05-10 15:17:32.390851
USER_0224,140,2026-05-26 15:17:32.390867
USER_0224,404,2026-06-12 15:17:32.390884
USER_0225,24,2026-04-13 15:17:32.390906
USER_0225,67,2026-04-02 15:17:32.390923
USER_0226,476,2026-06-02 15:17:32.390946
USER_0226,446,2026-04-21 15:17:32.390962
USER_0226,159,2026-06-14 15:17:32.390978
USER_0226,253,2026-05-08 15:17:32.390994
USER_0227,150,2026-04-21 15:17:32.391016
USER_0227,286,2026-03-29 15:17:32.391031
USER_0228,466,2026-06-15 15:17:32.391053
USER_0228,265,2026-05-17 15:17:32.391076
USER_0228,129,2026-03-23 15:17:32.391095
USER_0229,55,2026-05-20 15:17:32.391118
USER_0229,456,2026-04-02 15:17:32.391133
USER_0230,392,2026-03-29 15:17:32.391155
USER_0230,328,2026-05-30 15:17:32.391172
USER_0230,189,2026-05-23 15:17:32.391188
USER_0230,79,2026-06-13 15:17:32.391203
USER_0230,251,2026-06-04 15:17:32.391223
USER_0230,259,2026-06-16 15:17:32.391239
USER_0230,272,2026-05-11 15:17:32.391255
USER_0231,220,2026-04-29 15:17:32.391278
USER_0231,419,2026-04-29 15:17:32.391293
USER_0231,230,2026-05-13 15:17:32.391309
USER_0231,62,2026-05-01 15:17:32.391326
USER_0231,61,2026-04-18 15:17:32.391340
USER_0232,154,2026-06-13 15:17:32.391356
USER_0232,13,2026-03-26 15:17:32.391365
USER_0232,228,2026-04-10 15:17:32.391373
USER_0233,182,2026-06-15 15:17:32.391397
USER_0233,61,2026-06-18 15:17:32.391406
USER_0233,245,2026-05-30 15:17:32.391415
USER_0233,148,2026-04-02 15:17:32.391424
USER_0233,470,2026-06-10 15:17:32.391433
USER_0233,375,2026-04-23 15:17:32.391442
USER_0234,64,2026-06-15 15:17:32.391455
USER_0234,212,2026-06-07 15:17:32.391464
USER_0234,241,2026-03-22 15:17:32.391473
USER_0234,180,2026-03-27 15:17:32.391482
USER_0234,484,2026-03-30 15:17:32.391491
USER_0234,159,2026-05-06 15:17:32.391501
USER_0234,464,2026-05-15 15:17:32.391510
USER_0235,394,2026-04-21 15:17:32.391524
USER_0235,404,2026-04-18 15:17:32.391534
USER_0235,255,2026-04-29 15:17:32.391543
USER_0236,195,2026-05-25 15:17:32.391559
USER_0236,51,2026-05-17 15:17:32.391570
USER_0236,231,2026-03-30 15:17:32.391579
USER_0236,412,2026-04-29 15:17:32.391588
USER_0236,41,2026-05-13 15:17:32.391597
USER_0236,41,2026-05-30 15:17:32.391606
USER_0236,112,2026-06-07 15:17:32.391615
USER_0237,16,2026-04-17 15:17:32.391628
USER_0237,424,2026-06-11 15:17:32.391636
USER_0237,129,2026-06-19 15:17:32.391645
USER_0237,47,2026-04-21 15:17:32.391655
USER_0237,96,2026-05-22 15:17:32.391664
USER_0237,241,2026-06-10 15:17:32.391673
USER_0237,443,2026-04-23 15:17:32.391682
USER_0237,283,2026-05-30 15:17:32.391691
USER_0237,246,2026-04-06 15:17:32.391700
USER_0238,442,2026-06-12 15:17:32.391713
USER_0238,199,2026-03-26 15:17:32.391722
USER_0239,400,2026-04-02 15:17:32.391735
USER_0240,172,2026-03-24 15:17:32.391748
USER_0240,68,2026-03-29 15:17:32.391757
USER_0240,427,2026-05-19 15:17:32.391766
USER_0240,86,2026-04-16 15:17:32.391775
USER_0240,332,2026-06-12 15:17:32.391784
USER_0240,86,2026-04-09 15:17:32.391793
USER_0240,384,2026-05-08 15:17:32.391802
USER_0241,482,2026-05-27 15:17:32.391814
USER_0241,16,2026-05-27 15:17:32.391825
USER_0241,147,2026-06-15 15:17:32.391834
USER_0242,414,2026-04-23 15:17:32.391847
USER_0242,435,2026-06-09 15:17:32.391857
USER_0242,210,2026-06-05 15:17:32.391866
USER_0242,498,2026-06-13 15:17:32.391875
USER_0242,50,2026-05-23 15:17:32.391884
USER_0243,260,2026-06-15 15:17:32.391902
USER_0243,319,2026-06-12 15:17:32.391919
USER_0243,37,2026-06-10 15:17:32.391936
USER_0243,222,2026-03-31 15:17:32.391951
USER_0243,255,2026-06-12 15:17:32.391966
USER_0243,328,2026-05-26 15:17:32.391981
USER_0243,462,2026-04-15 15:17:32.391996
USER_0243,450,2026-05-01 15:17:32.392011
USER_0243,291,2026-05-02 15:17:32.392027
USER_0243,77,2026-04-13 15:17:32.392042
USER_0244,216,2026-05-10 15:17:32.392064
USER_0244,254,2026-04-19 15:17:32.392078
USER_0244,148,2026-06-10 15:17:32.392093
USER_0244,139,2026-05-15 15:17:32.392108
USER_0244,373,2026-06-18 15:17:32.392123
USER_0244,180,2026-06-07 15:17:32.392139
USER_0244,350,2026-05-19 15:17:32.392154
USER_0244,287,2026-06-04 15:17:32.392172
USER_0244,379,2026-05-19 15:17:32.392190
USER_0245,9,2026-06-09 15:17:32.392212
USER_0245,272,2026-06-05 15:17:32.392227
USER_0246,182,2026-06-02 15:17:32.392250
USER_0246,152,2026-04-08 15:17:32.392265
USER_0246,333,2026-04-22 15:17:32.392281
USER_0246,113,2026-03-23 15:17:32.392300
USER_0246,499,2026-05-29 15:17:32.392315
USER_0246,467,2026-05-21 15:17:32.392330
USER_0246,171,2026-03-27 15:17:32.392344
USER_0246,434,2026-05-19 15:17:32.392359
USER_0247,482,2026-05-30 15:17:32.392383
USER_0248,221,2026-05-19 15:17:32.392408
USER_0248,496,2026-05-12 15:17:32.392424
USER_0248,232,2026-06-08 15:17:32.392440
USER_0248,17,2026-05-04 15:17:32.392456
USER_0248,396,2026-05-30 15:17:32.392471
USER_0248,125,2026-05-30 15:17:32.392487
USER_0248,301,2026-06-12 15:17:32.392504
USER_0248,150,2026-06-13 15:17:32.392523
USER_0248,255,2026-04-06 15:17:32.392539
USER_0248,149,2026-03-26 15:17:32.392555
USER_0249,347,2026-05-29 15:17:32.392580
USER_0249,268,2026-05-22 15:17:32.392595
USER_0249,257,2026-03-30 15:17:32.392611
USER_0249,212,2026-05-22 15:17:32.392627
USER_0249,435,2026-04-02 15:17:32.392643
USER_0249,49,2026-05-24 15:17:32.392658
USER_0249,498,2026-04-02 15:17:32.392674
USER_0249,87,2026-05-28 15:17:32.392691
USER_0249,460,2026-05-07 15:17:32.392707
USER_0250,420,2026-05-08 15:17:32.392729
USER_0250,352,2026-04-20 15:17:32.392744
USER_0250,2,2026-04-25 15:17:32.392760
USER_0250,117,2026-04-18 15:17:32.392778
USER_0250,22,2026-06-01 15:17:32.392794
USER_0250,29,2026-05-22 15:17:32.392809
USER_0251,127,2026-05-26 15:17:32.392833
USER_0251,361,2026-06-12 15:17:32.392847
USER_0251,143,2026-04-23 15:17:32.392862
USER_0251,128,2026-04-09 15:17:32.392877
USER_0251,2,2026-06-15 15:17:32.392891
USER_0251,387,2026-04-16 15:17:32.392906
USER_0251,361,2026-04-17 15:17:32.392920
USER_0252,9,2026-03-23 15:17:32.392942
USER_0252,383,2026-05-30 15:17:32.392958
USER_0253,65,2026-05-24 15:17:32.392976
USER_0253,111,2026-05-10 15:17:32.392986
USER_0253,392,2026-06-07 15:17:32.392995
USER_0253,85,2026-05-15 15:17:32.393004
USER_0253,313,2026-03-22 15:17:32.393013
USER_0253,11,2026-04-27 15:17:32.393022
USER_0253,461,2026-03-31 15:17:32.393031
USER_0254,436,2026-05-17 15:17:32.393044
USER_0254,74,2026-05-31 15:17:32.393053
USER_0254,242,2026-06-04 15:17:32.393062
USER_0254,311,2026-04-11 15:17:32.393071
USER_0254,100,2026-03-29 15:17:32.393080
USER_0254,131,2026-04-23 15:17:32.393089
USER_0254,19,2026-06-16 15:17:32.393098
USER_0254,23,2026-06-10 15:17:32.393107
USER_0254,292,2026-05-25 15:17:32.393117
USER_0255,309,2026-03-27 15:17:32.393129
USER_0255,201,2026-05-30 15:17:32.393139
USER_0255,429,2026-05-13 15:17:32.393148
USER_0255,187,2026-06-16 15:17:32.393157
USER_0255,428,2026-04-24 15:17:32.393166
USER_0255,272,2026-05-31 15:17:32.393175
USER_0256,3,2026-04-10 15:17:32.393188
USER_0256,2,2026-06-06 15:17:32.393197
USER_0256,228,2026-03-24 15:17:32.393206
USER_0256,185,2026-04-01 15:17:32.393215
USER_0256,499,2026-04-26 15:17:32.393225
USER_0256,375,2026-06-16 15:17:32.393241
USER_0256,161,2026-05-27 15:17:32.393250
USER_0257,158,2026-06-01 15:17:32.393267
USER_0257,59,2026-04-21 15:17:32.393276
USER_0258,318,2026-05-02 15:17:32.393289
USER_0258,405,2026-03-29 15:17:32.393299
USER_0258,108,2026-05-27 15:17:32.393308
USER_0259,355,2026-05-20 15:17:32.393321
USER_0259,18,2026-04-17 15:17:32.393330
USER_0259,172,2026-05-03 15:17:32.393339
USER_0259,112,2026-04-26 15:17:32.393348
USER_0259,480,2026-04-26 15:17:32.393358
USER_0259,318,2026-06-02 15:17:32.393367
USER_0259,458,2026-05-04 15:17:32.393377
USER_0259,117,2026-04-24 15:17:32.393394
USER_0259,160,2026-05-06 15:17:32.393403
USER_0259,197,2026-06-03 15:17:32.393412
USER_0260,239,2026-05-31 15:17:32.393425
USER_0260,474,2026-05-04 15:17:32.393434
USER_0260,197,2026-06-05 15:17:32.393443
USER_0260,77,2026-05-04 15:17:32.393452
USER_0261,89,2026-06-11 15:17:32.393465
USER_0261,324,2026-06-04 15:17:32.393474
USER_0261,137,2026-04-20 15:17:32.393483
USER_0261,258,2026-05-01 15:17:32.393492
USER_0261,106,2026-04-04 15:17:32.393502
USER_0261,336,2026-04-11 15:17:32.393511
USER_0261,244,2026-04-30 15:17:32.393520
USER_0262,34,2026-05-09 15:17:32.393533
USER_0262,409,2026-05-05 15:17:32.393542
USER_0262,348,2026-04-12 15:17:32.393551
USER_0263,48,2026-03-28 15:17:32.393565
USER_0263,73,2026-05-30 15:17:32.393574
USER_0263,260,2026-04-17 15:17:32.393583
USER_0263,89,2026-04-11 15:17:32.393592
USER_0263,125,2026-06-16 15:17:32.393601
USER_0264,497,2026-05-12 15:17:32.393614
USER_0264,128,2026-05-16 15:17:32.393625
USER_0264,312,2026-05-27 15:17:32.393634
USER_0264,296,2026-04-11 15:17:32.393643
USER_0264,173,2026-04-27 15:17:32.393653
USER_0264,363,2026-04-21 15:17:32.393661
USER_0264,56,2026-04-21 15:17:32.393671
USER_0265,472,2026-05-27 15:17:32.393683
USER_0265,212,2026-05-15 15:17:32.393693
USER_0265,407,2026-05-21 15:17:32.393702
USER_0265,341,2026-05-21 15:17:32.393711
USER_0266,438,2026-05-16 15:17:32.393724
USER_0266,119,2026-06-06 15:17:32.393733
USER_0266,335,2026-06-10 15:17:32.393742
USER_0266,181,2026-06-04 15:17:32.393751
USER_0266,204,2026-03-23 15:17:32.393760
USER_0266,43,2026-04-11 15:17:32.393769
USER_0266,300,2026-04-08 15:17:32.393778
USER_0267,106,2026-04-25 15:17:32.393791
USER_0267,337,2026-03-28 15:17:32.393802
USER_0267,20,2026-04-24 15:17:32.393811
USER_0267,177,2026-04-13 15:17:32.393821
USER_0268,69,2026-06-13 15:17:32.393833
USER_0269,247,2026-05-19 15:17:32.393846
USER_0269,147,2026-04-06 15:17:32.393855
USER_0270,431,2026-06-05 15:17:32.393868
USER_0270,404,2026-04-10 15:17:32.393877
USER_0270,153,2026-05-09 15:17:32.393886
USER_0270,312,2026-06-06 15:17:32.393896
USER_0270,313,2026-05-14 15:17:32.393904
USER_0270,81,2026-05-30 15:17:32.393915
USER_0270,130,2026-04-12 15:17:32.393924
USER_0270,217,2026-03-25 15:17:32.393933
USER_0271,304,2026-03-24 15:17:32.393948
USER_0271,370,2026-06-01 15:17:32.393957
USER_0271,340,2026-03-23 15:17:32.393966
USER_0271,444,2026-06-08 15:17:32.393975
USER_0271,160,2026-05-10 15:17:32.393984
USER_0272,382,2026-04-13 15:17:32.393997
USER_0272,85,2026-04-10 15:17:32.394006
USER_0273,80,2026-05-18 15:17:32.394019
USER_0273,60,2026-05-27 15:17:32.394027
USER_0273,353,2026-04-20 15:17:32.394036
USER_0273,441,2026-05-23 15:17:32.394046
USER_0273,168,2026-05-08 15:17:32.394054
USER_0273,85,2026-05-12 15:17:32.394065
USER_0273,16,2026-05-02 15:17:32.394074
USER_0274,493,2026-04-11 15:17:32.394087
USER_0274,97,2026-04-11 15:17:32.394096
USER_0275,340,2026-04-07 15:17:32.394109
USER_0276,21,2026-06-18 15:17:32.394122
USER_0276,65,2026-04-24 15:17:32.394131
USER_0276,97,2026-04-07 15:17:32.394140
USER_0276,367,2026-06-04 15:17:32.394149
USER_0276,124,2026-04-30 15:17:32.394158
USER_0277,75,2026-03-26 15:17:32.394170
USER_0277,494,2026-03-24 15:17:32.394179
USER_0277,293,2026-05-11 15:17:32.394188
USER_0277,58,2026-04-21 15:17:32.394197
USER_0277,98,2026-06-10 15:17:32.394207
USER_0277,242,2026-04-17 15:17:32.394218
USER_0277,48,2026-04-18 15:17:32.394226
USER_0278,19,2026-05-30 15:17:32.394240
USER_0278,382,2026-05-25 15:17:32.394251
USER_0278,365,2026-04-13 15:17:32.394259
USER_0278,142,2026-03-26 15:17:32.394269
USER_0278,78,2026-03-27 15:17:32.394278
USER_0278,115,2026-03-26 15:17:32.394287
USER_0278,410,2026-06-06 15:17:32.394296
USER_0279,57,2026-05-11 15:17:32.394309
USER_0279,25,2026-05-23 15:17:32.394320
USER_0279,65,2026-04-18 15:17:32.394329
USER_0279,247,2026-05-26 15:17:32.394337
USER_0279,455,2026-06-17 15:17:32.394346
USER_0279,96,2026-05-07 15:17:32.394355
USER_0279,499,2026-05-09 15:17:32.394364
USER_0279,166,2026-06-14 15:17:32.394373
USER_0279,278,2026-04-29 15:17:32.394382
USER_0280,426,2026-05-01 15:17:32.394395
USER_0280,196,2026-06-01 15:17:32.394404
USER_0280,266,2026-04-30 15:17:32.394413
USER_0280,73,2026-06-08 15:17:32.394422
USER_0280,407,2026-06-12 15:17:32.394431
USER_0280,163,2026-05-10 15:17:32.394440
USER_0280,71,2026-03-27 15:17:32.394449
USER_0280,392,2026-04-26 15:17:32.394458
USER_0280,398,2026-05-04 15:17:32.394467
USER_0281,41,2026-03-30 15:17:32.394480
USER_0281,467,2026-04-21 15:17:32.394489
USER_0281,267,2026-04-11 15:17:32.394498
USER_0281,262,2026-06-18 15:17:32.394510
USER_0281,386,2026-04-01 15:17:32.394519
USER_0281,282,2026-06-17 15:17:32.394528
USER_0281,485,2026-05-11 15:17:32.394537
USER_0281,219,2026-05-18 15:17:32.394548
USER_0282,100,2026-06-12 15:17:32.394561
USER_0283,477,2026-06-16 15:17:32.394574
USER_0283,365,2026-04-11 15:17:32.394583
USER_0283,31,2026-06-01 15:17:32.394593
USER_0283,11,2026-06-11 15:17:32.394602
USER_0283,301,2026-06-09 15:17:32.394611
USER_0284,128,2026-06-04 15:17:32.394624
USER_0284,108,2026-04-18 15:17:32.394633
USER_0284,157,2026-05-30 15:17:32.394642
USER_0284,161,2026-06-07 15:17:32.394651
USER_0284,411,2026-06-16 15:17:32.394660
USER_0284,246,2026-04-22 15:17:32.394669
USER_0284,324,2026-05-24 15:17:32.394678
USER_0285,352,2026-06-17 15:17:32.394691
USER_0285,280,2026-04-13 15:17:32.394700
USER_0285,417,2026-05-31 15:17:32.394712
USER_0285,381,2026-05-25 15:17:32.394721
USER_0285,226,2026-06-15 15:17:32.394730
USER_0285,475,2026-04-20 15:17:32.394739
USER_0285,371,2026-06-11 15:17:32.394748
USER_0285,133,2026-05-01 15:17:32.394757
USER_0285,59,2026-03-29 15:17:32.394768
USER_0286,449,2026-06-09 15:17:32.394781
USER_0286,363,2026-05-04 15:17:32.394790
USER_0286,212,2026-04-08 15:17:32.394799
USER_0286,225,2026-03-24 15:17:32.394807
USER_0286,130,2026-03-26 15:17:32.394817
USER_0286,475,2026-04-05 15:17:32.394826
USER_0286,473,2026-05-21 15:17:32.394835
USER_0286,155,2026-05-30 15:17:32.394845
USER_0286,189,2026-03-22 15:17:32.394854
USER_0287,162,2026-03-27 15:17:32.394867
USER_0288,40,2026-05-17 15:17:32.394885
USER_0288,430,2026-04-30 15:17:32.394895
USER_0288,313,2026-03-30 15:17:32.394904
USER_0288,440,2026-04-06 15:17:32.394913
USER_0289,383,2026-05-03 15:17:32.394926
USER_0289,272,2026-05-29 15:17:32.394935
USER_0289,107,2026-04-12 15:17:32.394944
USER_0289,349,2026-06-09 15:17:32.394953
USER_0289,346,2026-06-05 15:17:32.394962
USER_0289,288,2026-05-16 15:17:32.394971
USER_0289,380,2026-03-28 15:17:32.394980
USER_0290,482,2026-04-15 15:17:32.394993
USER_0290,247,2026-05-11 15:17:32.395002
USER_0291,200,2026-04-11 15:17:32.395015
USER_0291,123,2026-05-31 15:17:32.395023
USER_0291,455,2026-06-19 15:17:32.395032
USER_0291,127,2026-03-25 15:17:32.395043
USER_0291,66,2026-04-18 15:17:32.395102
USER_0291,441,2026-06-16 15:17:32.395112
USER_0291,302,2026-05-26 15:17:32.395122
USER_0292,190,2026-06-05 15:17:32.395135
USER_0292,226,2026-05-30 15:17:32.395144
USER_0292,116,2026-04-24 15:17:32.395153
USER_0292,301,2026-04-28 15:17:32.395162
USER_0292,483,2026-06-06 15:17:32.395172
USER_0292,400,2026-04-05 15:17:32.395183
USER_0293,354,2026-06-11 15:17:32.395196
USER_0293,206,2026-04-04 15:17:32.395205
USER_0293,114,2026-03-30 15:17:32.395214
USER_0293,250,2026-06-14 15:17:32.395223
USER_0293,442,2026-05-28 15:17:32.395232
USER_0293,37,2026-05-05 15:17:32.395243
USER_0293,99,2026-06-06 15:17:32.395252
USER_0294,189,2026-04-09 15:17:32.395265
USER_0294,146,2026-05-16 15:17:32.395274
USER_0294,333,2026-05-21 15:17:32.395283
USER_0294,368,2026-03-28 15:17:32.395292
USER_0294,423,2026-05-26 15:17:32.395301
USER_0295,153,2026-06-06 15:17:32.395314
USER_0295,149,2026-03-25 15:17:32.395323
USER_0295,82,2026-05-03 15:17:32.395332
USER_0295,386,2026-04-30 15:17:32.395341
USER_0295,274,2026-05-09 15:17:32.395350
USER_0295,283,2026-04-08 15:17:32.395359
USER_0295,172,2026-03-28 15:17:32.395368
USER_0295,205,2026-04-10 15:17:32.395378
USER_0296,430,2026-06-01 15:17:32.395398
USER_0296,119,2026-06-06 15:17:32.395407
USER_0296,436,2026-05-13 15:17:32.395419
USER_0296,163,2026-04-20 15:17:32.395429
USER_0296,464,2026-05-11 15:17:32.395437
USER_0296,264,2026-05-21 15:17:32.395447
USER_0296,160,2026-04-17 15:17:32.395455
USER_0296,88,2026-04-29 15:17:32.395465
USER_0296,202,2026-06-06 15:17:32.395473
USER_0297,333,2026-04-22 15:17:32.395486
USER_0297,195,2026-05-10 15:17:32.395497
USER_0297,475,2026-04-13 15:17:32.395506
USER_0297,1,2026-06-12 15:17:32.395515
USER_0297,424,2026-03-26 15:17:32.395524
USER_0298,15,2026-04-26 15:17:32.395537
USER_0298,368,2026-04-19 15:17:32.395546
USER_0298,157,2026-05-03 15:17:32.395555
USER_0298,34,2026-06-08 15:17:32.395564
USER_0298,63,2026-06-09 15:17:32.395573
USER_0298,468,2026-05-01 15:17:32.395582
USER_0298,324,2026-05-30 15:17:32.395591
USER_0298,275,2026-05-03 15:17:32.395600
USER_0299,171,2026-04-14 15:17:32.395613
USER_0299,200,2026-05-18 15:17:32.395622
USER_0299,392,2026-04-20 15:17:32.395631
USER_0299,34,2026-04-13 15:17:32.395640
USER_0299,481,2026-03-31 15:17:32.395649
USER_0300,7,2026-04-16 15:17:32.395662
USER_0300,342,2026-05-06 15:17:32.395671
USER_0300,423,2026-05-04 15:17:32.395680
USER_0300,437,2026-04-05 15:17:32.395689
USER_0300,173,2026-04-05 15:17:32.395698
USER_0300,14,2026-05-04 15:17:32.395707
USER_0300,25,2026-06-01 15:17:32.395716
USER_0300,92,2026-04-29 15:17:32.395725
USER_0301,306,2026-05-30 15:17:32.395738
USER_0301,275,2026-05-13 15:17:32.395747
USER_0301,178,2026-05-22 15:17:32.395756
USER_0301,310,2026-06-16 15:17:32.395765
USER_0301,347,2026-04-10 15:17:32.395774
USER_0301,259,2026-05-23 15:17:32.395782
USER_0302,428,2026-04-05 15:17:32.395795
USER_0302,341,2026-04-14 15:17:32.395804
USER_0302,471,2026-04-15 15:17:32.395813
USER_0302,346,2026-05-17 15:17:32.395822
USER_0302,360,2026-04-26 15:17:32.395831
USER_0302,71,2026-06-19 15:17:32.395840
USER_0303,261,2026-05-13 15:17:32.395853
USER_0303,152,2026-03-26 15:17:32.395865
USER_0303,400,2026-03-30 15:17:32.395874
USER_0303,267,2026-04-20 15:17:32.395883
USER_0303,217,2026-06-14 15:17:32.395894
USER_0303,135,2026-05-24 15:17:32.395903
USER_0303,379,2026-03-29 15:17:32.395912
USER_0304,440,2026-04-16 15:17:32.395925
USER_0304,141,2026-05-11 15:17:32.395934
USER_0304,431,2026-05-16 15:17:32.395943
USER_0304,311,2026-03-28 15:17:32.395952
USER_0304,140,2026-05-02 15:17:32.395964
USER_0304,485,2026-04-20 15:17:32.395973
USER_0304,301,2026-05-02 15:17:32.395982
USER_0304,135,2026-04-19 15:17:32.395991
USER_0304,403,2026-05-08 15:17:32.396000
USER_0304,294,2026-03-22 15:17:32.396009
USER_0305,191,2026-05-02 15:17:32.396022
USER_0305,105,2026-04-19 15:17:32.396031
USER_0305,381,2026-04-27 15:17:32.396040
USER_0305,343,2026-06-11 15:17:32.396049
USER_0305,304,2026-05-14 15:17:32.396058
USER_0306,343,2026-06-03 15:17:32.396070
USER_0306,306,2026-05-30 15:17:32.396079
USER_0306,422,2026-04-22 15:17:32.396088
USER_0306,40,2026-04-26 15:17:32.396097
USER_0306,396,2026-05-12 15:17:32.396106
USER_0306,266,2026-04-17 15:17:32.396115
USER_0306,394,2026-06-01 15:17:32.396124
USER_0306,126,2026-04-04 15:17:32.396133
USER_0306,44,2026-05-05 15:17:32.396142
USER_0307,107,2026-05-11 15:17:32.396155
USER_0308,71,2026-04-05 15:17:32.396168
USER_0308,444,2026-04-09 15:17:32.396179
USER_0308,444,2026-06-08 15:17:32.396190
USER_0309,89,2026-05-06 15:17:32.396203
USER_0310,7,2026-04-12 15:17:32.396216
USER_0310,346,2026-05-26 15:17:32.396225
USER_0310,342,2026-05-05 15:17:32.396234
USER_0310,492,2026-05-21 15:17:32.396243
USER_0310,214,2026-05-04 15:17:32.396252
USER_0310,174,2026-05-02 15:17:32.396261
USER_0310,337,2026-03-28 15:17:32.396270
USER_0311,323,2026-04-15 15:17:32.396283
USER_0311,126,2026-05-18 15:17:32.396292
USER_0312,484,2026-03-30 15:17:32.396304
USER_0312,238,2026-06-01 15:17:32.396314
USER_0312,423,2026-05-23 15:17:32.396322
USER_0312,112,2026-03-28 15:17:32.396332
USER_0313,377,2026-04-05 15:17:32.396344
USER_0314,40,2026-06-05 15:17:32.396358
USER_0314,257,2026-05-12 15:17:32.396366
USER_0314,284,2026-04-18 15:17:32.396375
USER_0315,449,2026-04-07 15:17:32.396388
USER_0315,330,2026-04-30 15:17:32.396397
USER_0315,265,2026-04-04 15:17:32.396406
USER_0315,209,2026-06-06 15:17:32.396415
USER_0315,117,2026-04-30 15:17:32.396424
USER_0315,376,2026-04-08 15:17:32.396433
USER_0315,27,2026-05-12 15:17:32.396442
USER_0315,83,2026-06-17 15:17:32.396451
USER_0315,154,2026-04-11 15:17:32.396460
USER_0316,92,2026-06-18 15:17:32.396473
USER_0316,386,2026-05-13 15:17:32.396482
USER_0316,349,2026-06-04 15:17:32.396491
USER_0316,257,2026-05-11 15:17:32.396502
USER_0316,424,2026-03-31 15:17:32.396511
USER_0317,310,2026-04-16 15:17:32.396524
USER_0317,462,2026-05-06 15:17:32.396533
USER_0317,356,2026-03-22 15:17:32.396542
USER_0318,48,2026-04-19 15:17:32.396555
USER_0318,278,2026-05-26 15:17:32.396564
USER_0318,293,2026-05-27 15:17:32.396573
USER_0318,276,2026-05-23 15:17:32.396582
USER_0318,106,2026-04-27 15:17:32.396591
USER_0319,98,2026-05-15 15:17:32.396604
USER_0319,374,2026-05-06 15:17:32.396613
USER_0320,485,2026-04-28 15:17:32.396627
USER_0320,187,2026-05-21 15:17:32.396636
USER_0320,450,2026-05-19 15:17:32.396647
USER_0320,155,2026-04-14 15:17:32.396656
USER_0320,334,2026-05-07 15:17:32.396665
USER_0320,62,2026-05-10 15:17:32.396674
USER_0320,359,2026-05-28 15:17:32.396683
USER_0320,47,2026-04-06 15:17:32.396692
USER_0320,312,2026-05-19 15:17:32.396701
USER_0321,407,2026-05-18 15:17:32.396713
USER_0321,289,2026-05-12 15:17:32.396722
USER_0321,155,2026-04-25 15:17:32.396731
USER_0321,6,2026-05-14 15:17:32.396740
USER_0321,420,2026-04-13 15:17:32.396749
USER_0321,320,2026-04-25 15:17:32.396758
USER_0322,147,2026-05-04 15:17:32.396771
USER_0323,201,2026-05-22 15:17:32.396784
USER_0323,401,2026-04-21 15:17:32.396793
USER_0323,426,2026-05-16 15:17:32.396804
USER_0324,63,2026-05-13 15:17:32.396840
USER_0325,417,2026-06-12 15:17:32.396855
USER_0325,115,2026-05-03 15:17:32.396864
USER_0325,203,2026-04-25 15:17:32.396873
USER_0325,30,2026-04-16 15:17:32.396885
USER_0325,112,2026-06-16 15:17:32.396900
USER_0326,413,2026-04-12 15:17:32.396921
USER_0326,442,2026-03-24 15:17:32.396936
USER_0327,44,2026-04-06 15:17:32.396954
USER_0327,153,2026-06-16 15:17:32.396964
USER_0327,429,2026-05-24 15:17:32.396972
USER_0328,474,2026-04-17 15:17:32.396985
USER_0328,305,2026-04-30 15:17:32.396994
USER_0328,314,2026-06-14 15:17:32.397003
USER_0328,244,2026-06-05 15:17:32.397012
USER_0328,425,2026-05-21 15:17:32.397021
USER_0328,169,2026-05-14 15:17:32.397030
USER_0329,86,2026-05-16 15:17:32.397043
USER_0329,195,2026-06-14 15:17:32.397052
USER_0329,200,2026-06-02 15:17:32.397060
USER_0329,76,2026-05-22 15:17:32.397072
USER_0329,430,2026-04-22 15:17:32.397081
USER_0330,108,2026-06-03 15:17:32.397094
USER_0330,67,2026-05-29 15:17:32.397103
USER_0330,164,2026-04-12 15:17:32.397112
USER_0330,396,2026-05-02 15:17:32.397121
USER_0331,308,2026-03-26 15:17:32.397134
USER_0331,434,2026-03-25 15:17:32.397143
USER_0332,353,2026-05-09 15:17:32.397155
USER_0332,108,2026-05-19 15:17:32.397164
USER_0332,249,2026-04-30 15:17:32.397173
USER_0333,429,2026-03-27 15:17:32.397186
USER_0334,138,2026-05-07 15:17:32.397202
USER_0334,498,2026-04-13 15:17:32.397212
USER_0334,91,2026-06-19 15:17:32.397221
USER_0334,279,2026-04-18 15:17:32.397230
USER_0334,110,2026-06-07 15:17:32.397240
USER_0335,483,2026-06-09 15:17:32.397252
USER_0335,272,2026-04-30 15:17:32.397262
USER_0336,103,2026-03-30 15:17:32.397275
USER_0336,248,2026-03-26 15:17:32.397284
USER_0336,249,2026-05-27 15:17:32.397293
USER_0337,486,2026-05-14 15:17:32.397305
USER_0337,7,2026-03-27 15:17:32.397314
USER_0337,4,2026-05-23 15:17:32.397324
USER_0338,373,2026-05-15 15:17:32.397336
USER_0339,90,2026-04-17 15:17:32.397349
USER_0339,309,2026-06-09 15:17:32.397359
USER_0339,46,2026-05-06 15:17:32.397368
USER_0340,245,2026-05-30 15:17:32.397380
USER_0340,486,2026-06-09 15:17:32.397389
USER_0340,464,2026-06-15 15:17:32.397404
USER_0340,19,2026-04-25 15:17:32.397414
USER_0340,45,2026-05-10 15:17:32.397423
USER_0340,69,2026-06-08 15:17:32.397432
USER_0341,153,2026-06-01 15:17:32.397445
USER_0342,182,2026-04-11 15:17:32.397458
USER_0342,416,2026-04-06 15:17:32.397467
USER_0342,215,2026-04-19 15:17:32.397476
USER_0342,398,2026-05-28 15:17:32.397485
USER_0343,178,2026-03-31 15:17:32.397499
USER_0343,461,2026-04-28 15:17:32.397508
USER_0343,91,2026-03-30 15:17:32.397517
USER_0343,174,2026-04-30 15:17:32.397526
USER_0343,390,2026-06-16 15:17:32.397535
USER_0343,47,2026-05-16 15:17:32.397544
USER_0343,327,2026-04-08 15:17:32.397553
USER_0343,336,2026-05-06 15:17:32.397562
USER_0343,368,2026-03-31 15:17:32.397571
USER_0344,146,2026-04-09 15:17:32.397584
USER_0345,442,2026-04-14 15:17:32.397597
USER_0345,12,2026-04-12 15:17:32.397606
USER_0345,493,2026-05-04 15:17:32.397615
USER_0345,286,2026-04-20 15:17:32.397624
USER_0345,113,2026-04-01 15:17:32.397633
USER_0345,348,2026-05-29 15:17:32.397642
USER_0346,322,2026-05-08 15:17:32.397655
USER_0346,393,2026-04-27 15:17:32.397664
USER_0346,319,2026-05-09 15:17:32.397674
USER_0346,463,2026-05-30 15:17:32.397683
USER_0346,193,2026-04-05 15:17:32.397692
USER_0346,151,2026-05-10 15:17:32.397701
USER_0347,285,2026-04-25 15:17:32.397714
USER_0347,221,2026-04-24 15:17:32.397723
USER_0347,162,2026-05-04 15:17:32.397734
USER_0348,281,2026-06-12 15:17:32.397747
USER_0348,29,2026-04-10 15:17:32.397756
USER_0348,66,2026-06-13 15:17:32.397765
USER_0349,24,2026-05-15 15:17:32.397778
USER_0350,398,2026-06-19 15:17:32.397791
USER_0350,140,2026-05-14 15:17:32.397800
USER_0350,388,2026-06-12 15:17:32.397809
USER_0350,127,2026-04-21 15:17:32.397818
USER_0350,126,2026-04-08 15:17:32.397826
USER_0351,34,2026-05-15 15:17:32.397839
USER_0352,103,2026-04-18 15:17:32.397852
USER_0352,264,2026-05-28 15:17:32.397861
USER_0353,461,2026-05-05 15:17:32.397876
USER_0353,413,2026-06-16 15:17:32.397885
USER_0354,354,2026-04-06 15:17:32.397898
USER_0354,258,2026-04-09 15:17:32.397907
USER_0354,187,2026-06-06 15:17:32.397916
USER_0354,172,2026-04-04 15:17:32.397925
USER_0354,44,2026-05-17 15:17:32.397934
USER_0354,82,2026-04-20 15:17:32.397943
USER_0355,65,2026-06-04 15:17:32.397956
USER_0355,144,2026-05-11 15:17:32.397965
USER_0355,233,2026-05-17 15:17:32.397973
USER_0355,357,2026-06-04 15:17:32.397983
USER_0355,321,2026-04-21 15:17:32.397994
USER_0355,473,2026-04-15 15:17:32.398004
USER_0356,289,2026-05-20 15:17:32.398017
USER_0356,450,2026-05-12 15:17:32.398027
USER_0356,214,2026-06-12 15:17:32.398036
USER_0356,119,2026-04-03 15:17:32.398045
USER_0356,26,2026-04-26 15:17:32.398057
USER_0356,294,2026-04-28 15:17:32.398067
USER_0356,400,2026-04-16 15:17:32.398076
USER_0356,436,2026-05-21 15:17:32.398085
USER_0357,52,2026-06-01 15:17:32.398098
USER_0357,312,2026-06-01 15:17:32.398107
USER_0357,213,2026-05-26 15:17:32.398118
USER_0357,336,2026-05-20 15:17:32.398127
USER_0357,22,2026-04-26 15:17:32.398136
USER_0358,483,2026-06-10 15:17:32.398149
USER_0358,53,2026-04-09 15:17:32.398158
USER_0358,147,2026-04-29 15:17:32.398167
USER_0358,369,2026-05-19 15:17:32.398176
USER_0358,177,2026-06-06 15:17:32.398185
USER_0358,365,2026-05-23 15:17:32.398194
USER_0358,407,2026-04-28 15:17:32.398203
USER_0358,21,2026-04-02 15:17:32.398212
USER_0358,190,2026-05-21 15:17:32.398221
USER_0358,204,2026-06-16 15:17:32.398230
USER_0359,465,2026-06-12 15:17:32.398243
USER_0359,118,2026-06-08 15:17:32.398252
USER_0359,461,2026-05-20 15:17:32.398261
USER_0359,337,2026-05-17 15:17:32.398270
USER_0359,360,2026-04-06 15:17:32.398279
USER_0359,48,2026-04-05 15:17:32.398288
USER_0359,440,2026-04-02 15:17:32.398297
USER_0360,273,2026-05-25 15:17:32.398310
USER_0361,208,2026-05-13 15:17:32.398325
USER_0361,87,2026-03-25 15:17:32.398334
USER_0361,263,2026-05-01 15:17:32.398343
USER_0361,389,2026-05-10 15:17:32.398351
USER_0361,427,2026-04-12 15:17:32.398361
USER_0361,156,2026-04-17 15:17:32.398370
USER_0362,106,2026-04-16 15:17:32.398383
USER_0362,136,2026-06-01 15:17:32.398392
USER_0362,161,2026-05-24 15:17:32.398401
USER_0362,451,2026-05-07 15:17:32.398410
USER_0362,398,2026-03-30 15:17:32.398419
USER_0362,140,2026-04-30 15:17:32.398428
USER_0362,176,2026-03-29 15:17:32.398437
USER_0362,111,2026-04-11 15:17:32.398446
USER_0362,459,2026-04-25 15:17:32.398455
USER_0363,400,2026-05-14 15:17:32.398468
USER_0363,470,2026-04-23 15:17:32.398477
USER_0363,412,2026-03-22 15:17:32.398486
USER_0364,474,2026-04-21 15:17:32.398501
USER_0365,393,2026-04-26 15:17:32.398514
USER_0365,22,2026-05-04 15:17:32.398523
USER_0365,404,2026-03-27 15:17:32.398532
USER_0365,100,2026-06-07 15:17:32.398541
USER_0365,23,2026-05-18 15:17:32.398550
USER_0365,272,2026-06-09 15:17:32.398559
USER_0365,430,2026-04-13 15:17:32.398568
USER_0365,93,2026-05-26 15:17:32.398578
USER_0365,20,2026-04-08 15:17:32.398588
USER_0366,210,2026-03-29 15:17:32.398601
USER_0366,292,2026-06-08 15:17:32.398610
USER_0366,400,2026-05-09 15:17:32.398619
USER_0366,358,2026-05-03 15:17:32.398628
USER_0367,495,2026-05-04 15:17:32.398642
USER_0367,255,2026-06-02 15:17:32.398651
USER_0367,226,2026-04-03 15:17:32.398659
USER_0367,488,2026-04-10 15:17:32.398670
USER_0367,209,2026-06-07 15:17:32.398679
USER_0367,99,2026-06-07 15:17:32.398688
USER_0367,385,2026-05-20 15:17:32.398697
USER_0367,136,2026-06-04 15:17:32.398706
USER_0367,165,2026-04-08 15:17:32.398715
USER_0368,469,2026-04-25 15:17:32.398728
USER_0368,172,2026-03-25 15:17:32.398737
USER_0368,392,2026-05-17 15:17:32.398747
USER_0368,263,2026-03-24 15:17:32.398756
USER_0368,291,2026-06-13 15:17:32.398765
USER_0368,2,2026-06-02 15:17:32.398774
USER_0369,148,2026-05-07 15:17:32.398787
USER_0369,487,2026-05-23 15:17:32.398796
USER_0369,437,2026-04-27 15:17:32.398807
USER_0369,355,2026-04-16 15:17:32.398816
USER_0369,251,2026-05-30 15:17:32.398825
USER_0369,312,2026-06-07 15:17:32.398834
USER_0370,137,2026-04-27 15:17:32.398847
USER_0371,302,2026-05-07 15:17:32.398860
USER_0371,73,2026-04-28 15:17:32.398869
USER_0371,12,2026-05-05 15:17:32.398878
USER_0371,101,2026-05-14 15:17:32.398887
USER_0371,257,2026-05-27 15:17:32.398896
USER_0372,355,2026-03-31 15:17:32.398909
USER_0372,137,2026-06-06 15:17:32.398918
USER_0372,408,2026-05-16 15:17:32.398945
USER_0372,110,2026-06-17 15:17:32.398955
USER_0372,267,2026-06-03 15:17:32.398963
USER_0372,371,2026-04-27 15:17:32.398972
USER_0373,170,2026-05-22 15:17:32.398990
USER_0373,227,2026-05-26 15:17:32.399001
USER_0373,345,2026-04-21 15:17:32.399010
USER_0373,339,2026-04-16 15:17:32.399019
USER_0373,271,2026-05-23 15:17:32.399028
USER_0373,464,2026-05-04 15:17:32.399037
USER_0373,459,2026-04-23 15:17:32.399046
USER_0373,180,2026-05-24 15:17:32.399055
USER_0374,174,2026-04-22 15:17:32.399075
USER_0374,420,2026-05-17 15:17:32.399084
USER_0374,390,2026-06-14 15:17:32.399093
USER_0374,32,2026-05-26 15:17:32.399102
USER_0374,441,2026-04-26 15:17:32.399111
USER_0374,243,2026-06-13 15:17:32.399120
USER_0374,125,2026-04-24 15:17:32.399128
USER_0374,15,2026-06-08 15:17:32.399143
USER_0374,42,2026-04-01 15:17:32.399152
USER_0374,134,2026-04-04 15:17:32.399165
USER_0375,456,2026-04-30 15:17:32.399178
USER_0375,330,2026-05-19 15:17:32.399186
USER_0375,224,2026-06-12 15:17:32.399195
USER_0375,216,2026-03-25 15:17:32.399208
USER_0376,44,2026-04-09 15:17:32.399224
USER_0376,58,2026-03-26 15:17:32.399233
USER_0376,103,2026-06-16 15:17:32.399242
USER_0376,412,2026-04-14 15:17:32.399251
USER_0376,97,2026-05-22 15:17:32.399260
USER_0376,204,2026-05-23 15:17:32.399269
USER_0376,123,2026-04-02 15:17:32.399277
USER_0376,427,2026-03-25 15:17:32.399292
USER_0377,89,2026-06-16 15:17:32.399306
USER_0377,118,2026-06-11 15:17:32.399314
USER_0377,311,2026-06-15 15:17:32.399323
USER_0377,433,2026-03-28 15:17:32.399332
USER_0377,142,2026-04-06 15:17:32.399341
USER_0377,27,2026-05-19 15:17:32.399350
USER_0377,232,2026-05-29 15:17:32.399365
USER_0377,58,2026-06-03 15:17:32.399375
USER_0377,491,2026-03-22 15:17:32.399384
USER_0377,361,2026-04-10 15:17:32.399393
USER_0378,24,2026-05-25 15:17:32.399412
USER_0378,300,2026-06-10 15:17:32.399428
USER_0378,266,2026-03-29 15:17:32.399437
USER_0378,180,2026-04-04 15:17:32.399445
USER_0378,359,2026-04-09 15:17:32.399454
USER_0378,494,2026-04-13 15:17:32.399468
USER_0378,458,2026-05-23 15:17:32.399479
USER_0378,48,2026-04-16 15:17:32.399488
USER_0378,51,2026-05-04 15:17:32.399500
USER_0379,437,2026-03-24 15:17:32.399513
USER_0379,56,2026-04-21 15:17:32.399529
USER_0379,158,2026-05-04 15:17:32.399539
USER_0379,241,2026-05-05 15:17:32.399548
USER_0379,240,2026-05-25 15:17:32.399559
USER_0379,83,2026-06-15 15:17:32.399568
USER_0380,247,2026-04-06 15:17:32.399585
USER_0380,160,2026-04-27 15:17:32.399598
USER_0380,421,2026-05-01 15:17:32.399607
USER_0380,225,2026-05-24 15:17:32.399616
USER_0381,45,2026-05-30 15:17:32.399629
USER_0381,389,2026-04-12 15:17:32.399642
USER_0381,61,2026-05-13 15:17:32.399655
USER_0381,445,2026-03-26 15:17:32.399663
USER_0381,77,2026-03-30 15:17:32.399672
USER_0381,301,2026-04-07 15:17:32.399681
USER_0381,222,2026-06-07 15:17:32.399695
USER_0381,477,2026-06-17 15:17:32.399705
USER_0381,92,2026-06-14 15:17:32.399714
USER_0381,427,2026-06-12 15:17:32.399723
USER_0382,239,2026-03-31 15:17:32.399736
USER_0383,350,2026-06-09 15:17:32.399749
USER_0383,491,2026-05-23 15:17:32.399764
USER_0384,271,2026-05-10 15:17:32.399782
USER_0384,354,2026-04-13 15:17:32.399791
USER_0384,183,2026-05-03 15:17:32.399800
USER_0384,186,2026-04-17 15:17:32.399809
USER_0384,445,2026-03-22 15:17:32.399818
USER_0384,138,2026-04-05 15:17:32.399833
USER_0385,273,2026-03-23 15:17:32.399846
USER_0385,470,2026-06-01 15:17:32.399855
USER_0385,357,2026-04-26 15:17:32.399864
USER_0385,153,2026-03-30 15:17:32.399876
USER_0385,259,2026-06-14 15:17:32.399888
USER_0386,58,2026-05-22 15:17:32.399904
USER_0386,106,2026-06-03 15:17:32.399913
USER_0386,244,2026-05-08 15:17:32.399922
USER_0387,246,2026-05-17 15:17:32.399939
USER_0387,140,2026-06-12 15:17:32.399950
USER_0388,477,2026-06-12 15:17:32.399964
USER_0388,426,2026-04-16 15:17:32.399973
USER_0388,80,2026-05-12 15:17:32.399982
USER_0388,83,2026-04-22 15:17:32.399997
USER_0388,241,2026-03-24 15:17:32.400007
USER_0388,92,2026-03-26 15:17:32.400015
USER_0388,43,2026-03-26 15:17:32.400024
USER_0388,420,2026-06-11 15:17:32.400033
USER_0388,35,2026-04-07 15:17:32.400042
USER_0388,425,2026-05-23 15:17:32.400055
USER_0389,169,2026-03-24 15:17:32.400070
USER_0389,54,2026-04-15 15:17:32.400079
USER_0389,431,2026-04-09 15:17:32.400088
USER_0389,100,2026-05-29 15:17:32.400097
USER_0389,376,2026-05-24 15:17:32.400106
USER_0390,172,2026-06-07 15:17:32.400124
USER_0390,227,2026-06-10 15:17:32.400134
USER_0390,437,2026-06-11 15:17:32.400143
USER_0391,33,2026-05-24 15:17:32.400156
USER_0391,159,2026-06-19 15:17:32.400165
USER_0391,92,2026-03-23 15:17:32.400173
USER_0391,240,2026-04-10 15:17:32.400182
USER_0391,467,2026-04-14 15:17:32.400196
USER_0391,116,2026-05-31 15:17:32.400206
USER_0391,98,2026-05-16 15:17:32.400216
USER_0391,205,2026-03-22 15:17:32.400225
USER_0392,172,2026-06-02 15:17:32.400238
USER_0393,180,2026-03-28 15:17:32.400253
USER_0393,323,2026-03-30 15:17:32.400265
USER_0393,113,2026-04-16 15:17:32.400274
USER_0393,57,2026-06-19 15:17:32.400283
USER_0394,115,2026-05-31 15:17:32.400296
USER_0394,265,2026-03-25 15:17:32.400305
USER_0394,202,2026-04-22 15:17:32.400314
USER_0394,104,2026-05-10 15:17:32.400323
USER_0394,377,2026-06-15 15:17:32.400339
USER_0394,400,2026-04-16 15:17:32.400348
USER_0394,353,2026-05-29 15:17:32.400357
USER_0394,220,2026-05-10 15:17:32.400366
USER_0394,196,2026-04-13 15:17:32.400375
USER_0394,311,2026-06-09 15:17:32.400384
USER_0395,98,2026-05-30 15:17:32.400402
USER_0395,281,2026-04-05 15:17:32.400412
USER_0395,108,2026-06-01 15:17:32.400423
USER_0396,326,2026-05-04 15:17:32.400439
USER_0396,39,2026-05-25 15:17:32.400448
USER_0396,404,2026-06-15 15:17:32.400457
USER_0396,131,2026-04-03 15:17:32.400466
USER_0396,361,2026-05-28 15:17:32.400475
USER_0396,398,2026-03-28 15:17:32.400490
USER_0396,40,2026-06-12 15:17:32.400500
USER_0397,411,2026-05-05 15:17:32.400513
USER_0397,377,2026-04-13 15:17:32.400522
USER_0397,482,2026-06-05 15:17:32.400530
USER_0398,194,2026-06-19 15:17:32.400543
USER_0398,282,2026-05-27 15:17:32.400557
USER_0398,446,2026-05-11 15:17:32.400568
USER_0398,163,2026-04-20 15:17:32.400579
USER_0398,23,2026-05-27 15:17:32.400588
USER_0399,322,2026-06-16 15:17:32.400601
USER_0399,440,2026-05-17 15:17:32.400617
USER_0399,470,2026-05-02 15:17:32.400626
USER_0399,247,2026-04-28 15:17:32.400635
USER_0399,364,2026-05-28 15:17:32.400644
USER_0399,350,2026-04-12 15:17:32.400653
USER_0399,317,2026-04-28 15:17:32.400662
USER_0399,312,2026-05-10 15:17:32.400671
USER_0399,53,2026-04-21 15:17:32.400685
USER_0399,356,2026-04-11 15:17:32.400695
USER_0400,167,2026-06-10 15:17:32.400708
USER_0400,102,2026-06-13 15:17:32.400717
USER_0400,84,2026-05-13 15:17:32.400726
USER_0400,211,2026-04-20 15:17:32.400735
USER_0400,383,2026-06-17 15:17:32.400753
USER_0400,341,2026-04-30 15:17:32.400762
USER_0400,451,2026-05-04 15:17:32.400771
USER_0400,37,2026-04-05 15:17:32.400780
USER_0400,238,2026-05-15 15:17:32.400789
USER_0401,396,2026-04-12 15:17:32.400802
USER_0401,313,2026-03-25 15:17:32.400811
USER_0401,29,2026-05-01 15:17:32.400824
USER_0401,356,2026-04-19 15:17:32.400835
USER_0401,111,2026-05-26 15:17:32.400844
USER_0401,434,2026-05-24 15:17:32.400853
USER_0401,184,2026-04-03 15:17:32.400864
USER_0401,373,2026-05-04 15:17:32.400873
USER_0401,15,2026-05-12 15:17:32.400887
USER_0402,212,2026-05-29 15:17:32.400902
USER_0402,148,2026-04-27 15:17:32.400911
USER_0402,240,2026-04-09 15:17:32.400920
USER_0402,58,2026-06-04 15:17:32.400929
USER_0402,425,2026-05-20 15:17:32.400937
USER_0402,31,2026-04-07 15:17:32.400946
USER_0402,161,2026-04-22 15:17:32.400961
USER_0402,464,2026-06-11 15:17:32.400970
USER_0403,272,2026-03-26 15:17:32.400985
USER_0403,47,2026-04-13 15:17:32.400994
USER_0403,110,2026-04-29 15:17:32.401003
USER_0403,122,2026-05-26 15:17:32.401018
USER_0403,356,2026-05-30 15:17:32.401027
USER_0403,190,2026-04-16 15:17:32.401036
USER_0403,50,2026-03-23 15:17:32.401046
USER_0403,80,2026-05-15 15:17:32.401055
USER_0403,193,2026-03-24 15:17:32.401064
USER_0403,95,2026-06-05 15:17:32.401073
USER_0404,0,2026-04-11 15:17:32.401093
USER_0404,377,2026-05-28 15:17:32.401103
USER_0404,125,2026-05-12 15:17:32.401112
USER_0404,80,2026-04-24 15:17:32.401121
USER_0404,250,2026-05-17 15:17:32.401130
USER_0404,476,2026-05-10 15:17:32.401139
USER_0404,140,2026-04-08 15:17:32.401148
USER_0405,339,2026-06-14 15:17:32.401166
USER_0405,244,2026-04-29 15:17:32.401178
USER_0405,336,2026-06-17 15:17:32.401186
USER_0405,48,2026-04-18 15:17:32.401195
USER_0405,367,2026-04-05 15:17:32.401204
USER_0405,108,2026-05-04 15:17:32.401219
USER_0406,64,2026-04-17 15:17:32.401233
USER_0406,450,2026-03-31 15:17:32.401242
USER_0406,270,2026-03-22 15:17:32.401253
USER_0406,351,2026-05-19 15:17:32.401262
USER_0406,401,2026-04-13 15:17:32.401271
USER_0406,42,2026-03-29 15:17:32.401286
USER_0406,487,2026-05-16 15:17:32.401298
USER_0407,269,2026-05-18 15:17:32.401311
USER_0407,188,2026-05-17 15:17:32.401320
USER_0407,215,2026-06-16 15:17:32.401329
USER_0407,412,2026-04-22 15:17:32.401338
USER_0407,389,2026-03-29 15:17:32.401355
USER_0407,167,2026-05-02 15:17:32.401365
USER_0407,192,2026-03-29 15:17:32.401374
USER_0407,282,2026-04-12 15:17:32.401383
USER_0407,389,2026-04-01 15:17:32.401392
USER_0407,239,2026-06-07 15:17:32.401408
USER_0408,203,2026-06-01 15:17:32.401427
USER_0408,378,2026-04-01 15:17:32.401437
USER_0408,457,2026-05-08 15:17:32.401446
USER_0409,94,2026-05-31 15:17:32.401459
USER_0409,427,2026-04-13 15:17:32.401471
USER_0409,1,2026-05-28 15:17:32.401483
USER_0409,370,2026-05-29 15:17:32.401493
USER_0409,484,2026-04-24 15:17:32.401502
USER_0409,6,2026-04-09 15:17:32.401511
USER_0409,439,2026-04-03 15:17:32.401520
USER_0409,113,2026-04-14 15:17:32.401529
USER_0409,82,2026-06-04 15:17:32.401538
USER_0410,499,2026-03-30 15:17:32.401556
USER_0410,327,2026-04-01 15:17:32.401567
USER_0410,125,2026-06-08 15:17:32.401576
USER_0411,388,2026-04-06 15:17:32.401589
USER_0411,139,2026-05-24 15:17:32.401598
USER_0411,389,2026-06-03 15:17:32.401607
USER_0411,56,2026-06-15 15:17:32.401616
USER_0411,333,2026-05-23 15:17:32.401631
USER_0412,32,2026-04-22 15:17:32.401645
USER_0412,49,2026-04-19 15:17:32.401654
USER_0412,213,2026-06-01 15:17:32.401663
USER_0412,378,2026-04-12 15:17:32.401672
USER_0412,477,2026-04-15 15:17:32.401681
USER_0413,288,2026-04-13 15:17:32.401694
USER_0413,83,2026-06-07 15:17:32.401715
USER_0413,390,2026-04-27 15:17:32.401724
USER_0413,214,2026-04-02 15:17:32.401733
USER_0413,214,2026-06-06 15:17:32.401741
USER_0413,127,2026-06-01 15:17:32.401750
USER_0413,476,2026-04-27 15:17:32.401764
USER_0414,28,2026-05-31 15:17:32.401779
USER_0414,337,2026-05-27 15:17:32.401788
USER_0414,201,2026-04-18 15:17:32.401797
USER_0414,391,2026-04-24 15:17:32.401808
USER_0414,61,2026-03-22 15:17:32.401825
USER_0414,201,2026-05-22 15:17:32.401834
USER_0414,321,2026-06-03 15:17:32.401843
USER_0414,57,2026-06-14 15:17:32.401852
USER_0415,317,2026-05-23 15:17:32.401865
USER_0415,452,2026-05-10 15:17:32.401874
USER_0415,473,2026-03-30 15:17:32.401889
USER_0415,424,2026-03-28 15:17:32.401899
USER_0415,218,2026-05-02 15:17:32.401908
USER_0416,70,2026-04-05 15:17:32.401921
USER_0417,97,2026-06-10 15:17:32.401936
USER_0417,290,2026-03-23 15:17:32.401948
USER_0417,1,2026-04-01 15:17:32.401959
USER_0418,165,2026-04-07 15:17:32.401978
USER_0418,153,2026-05-29 15:17:32.401987
USER_0418,438,2026-05-08 15:17:32.401996
USER_0418,218,2026-05-12 15:17:32.402005
USER_0418,494,2026-05-22 15:17:32.402020
USER_0418,474,2026-05-31 15:17:32.402029
USER_0418,437,2026-05-10 15:17:32.402038
USER_0418,107,2026-05-31 15:17:32.402049
USER_0419,482,2026-03-28 15:17:32.402062
USER_0419,413,2026-04-15 15:17:32.402075
USER_0419,289,2026-04-28 15:17:32.402087
USER_0420,133,2026-04-14 15:17:32.402100
USER_0420,282,2026-04-02 15:17:32.402109
USER_0420,72,2026-06-10 15:17:32.402118
USER_0420,325,2026-05-03 15:17:32.402127
USER_0420,99,2026-04-22 15:17:32.402136
USER_0420,257,2026-04-22 15:17:32.402150
USER_0421,82,2026-04-16 15:17:32.402166
USER_0421,472,2026-05-25 15:17:32.402175
USER_0421,308,2026-06-10 15:17:32.402184
USER_0421,314,2026-04-02 15:17:32.402193
USER_0422,47,2026-04-30 15:17:32.402206
USER_0422,378,2026-05-30 15:17:32.402215
USER_0422,355,2026-05-29 15:17:32.402230
USER_0422,24,2026-05-21 15:17:32.402240
USER_0422,448,2026-05-23 15:17:32.402251
USER_0422,67,2026-05-06 15:17:32.402262
USER_0423,136,2026-05-02 15:17:32.402275
USER_0423,82,2026-05-15 15:17:32.402284
USER_0423,137,2026-06-19 15:17:32.402299
USER_0423,72,2026-05-15 15:17:32.402308
USER_0423,105,2026-05-05 15:17:32.402320
USER_0423,287,2026-05-19 15:17:32.402329
USER_0423,175,2026-06-14 15:17:32.402338
USER_0424,329,2026-06-03 15:17:32.402351
USER_0424,53,2026-05-24 15:17:32.402360
USER_0424,418,2026-05-01 15:17:32.402369
USER_0424,126,2026-03-27 15:17:32.402384
USER_0424,411,2026-05-26 15:17:32.402394
USER_0424,131,2026-06-05 15:17:32.402403
USER_0425,409,2026-05-24 15:17:32.402416
USER_0425,247,2026-06-01 15:17:32.402425
USER_0425,42,2026-06-03 15:17:32.402434
USER_0425,169,2026-05-10 15:17:32.402443
USER_0425,211,2026-05-01 15:17:32.402459
USER_0425,38,2026-05-11 15:17:32.402468
USER_0425,110,2026-05-28 15:17:32.402476
USER_0425,46,2026-04-29 15:17:32.402485
USER_0425,224,2026-04-18 15:17:32.402494
USER_0426,298,2026-04-12 15:17:32.402513
USER_0426,289,2026-05-03 15:17:32.402527
USER_0426,202,2026-05-11 15:17:32.402536
USER_0426,433,2026-04-20 15:17:32.402545
USER_0426,317,2026-04-14 15:17:32.402554
USER_0426,160,2026-04-23 15:17:32.402563
USER_0426,15,2026-04-06 15:17:32.402578
USER_0426,93,2026-03-30 15:17:32.402587
USER_0426,137,2026-05-03 15:17:32.402596
USER_0427,126,2026-05-13 15:17:32.402609
USER_0427,163,2026-06-01 15:17:32.402618
USER_0428,386,2026-05-05 15:17:32.402637
USER_0428,357,2026-04-07 15:17:32.402647
USER_0428,375,2026-04-16 15:17:32.402656
USER_0428,178,2026-06-12 15:17:32.402665
USER_0428,72,2026-03-31 15:17:32.402678
USER_0428,106,2026-06-14 15:17:32.402693
USER_0428,294,2026-03-23 15:17:32.402702
USER_0428,283,2026-04-21 15:17:32.402711
USER_0429,36,2026-04-27 15:17:32.402724
USER_0430,55,2026-03-30 15:17:32.402737
USER_0430,340,2026-04-22 15:17:32.402746
USER_0430,444,2026-06-18 15:17:32.402759
USER_0430,362,2026-04-23 15:17:32.402772
USER_0430,229,2026-04-21 15:17:32.402781
USER_0430,419,2026-05-11 15:17:32.402790
USER_0430,334,2026-05-14 15:17:32.402799
USER_0430,353,2026-06-02 15:17:32.402808
USER_0430,149,2026-04-18 15:17:32.402817
USER_0431,204,2026-04-24 15:17:32.402836
USER_0431,213,2026-06-16 15:17:32.402847
USER_0431,60,2026-06-13 15:17:32.402856
USER_0431,87,2026-04-27 15:17:32.402865
USER_0431,475,2026-04-13 15:17:32.402874
USER_0431,128,2026-04-02 15:17:32.402883
USER_0431,2,2026-04-26 15:17:32.402898
USER_0431,421,2026-04-03 15:17:32.402909
USER_0431,101,2026-06-19 15:17:32.402918
USER_0431,340,2026-05-13 15:17:32.402927
USER_0432,347,2026-04-07 15:17:32.402940
USER_0432,241,2026-05-30 15:17:32.402949
USER_0432,450,2026-04-10 15:17:32.402958
USER_0432,83,2026-05-04 15:17:32.402973
USER_0432,290,2026-03-29 15:17:32.402982
USER_0433,128,2026-04-12 15:17:32.402995
USER_0433,139,2026-04-13 15:17:32.403004
USER_0433,282,2026-04-21 15:17:32.403013
USER_0433,233,2026-04-25 15:17:32.403022
USER_0434,276,2026-05-26 15:17:32.403037
USER_0434,318,2026-04-20 15:17:32.403045
USER_0434,343,2026-04-29 15:17:32.403054
USER_0434,236,2026-05-26 15:17:32.403072
USER_0434,301,2026-04-26 15:17:32.403081
USER_0434,54,2026-05-19 15:17:32.403090
USER_0434,35,2026-06-15 15:17:32.403099
USER_0435,361,2026-05-02 15:17:32.403112
USER_0435,294,2026-04-23 15:17:32.403126
USER_0435,96,2026-04-01 15:17:32.403136
USER_0435,316,2026-03-27 15:17:32.403152
USER_0435,5,2026-06-11 15:17:32.403163
USER_0435,38,2026-05-16 15:17:32.403174
USER_0435,424,2026-05-29 15:17:32.403182
USER_0435,425,2026-06-15 15:17:32.403197
USER_0435,464,2026-03-25 15:17:32.403207
USER_0435,470,2026-04-05 15:17:32.403216
USER_0436,312,2026-05-21 15:17:32.403229
USER_0436,456,2026-03-26 15:17:32.403238
USER_0436,238,2026-05-22 15:17:32.403259
USER_0437,140,2026-03-25 15:17:32.403273
USER_0437,45,2026-05-19 15:17:32.403282
USER_0437,44,2026-05-28 15:17:32.403291
USER_0437,246,2026-06-03 15:17:32.403305
USER_0437,449,2026-03-27 15:17:32.403315
USER_0438,107,2026-06-14 15:17:32.403328
USER_0438,93,2026-06-02 15:17:32.403337
USER_0438,245,2026-05-29 15:17:32.403346
USER_0438,413,2026-05-18 15:17:32.403361
USER_0438,125,2026-03-31 15:17:32.403370
USER_0439,121,2026-04-03 15:17:32.403383
USER_0439,494,2026-06-10 15:17:32.403402
USER_0439,161,2026-05-15 15:17:32.403414
USER_0439,233,2026-04-08 15:17:32.403422
USER_0439,10,2026-05-23 15:17:32.403431
USER_0439,166,2026-04-03 15:17:32.403443
USER_0439,245,2026-05-04 15:17:32.403455
USER_0439,117,2026-06-01 15:17:32.403464
USER_0439,381,2026-06-05 15:17:32.403473
USER_0439,151,2026-05-23 15:17:32.403482
USER_0440,174,2026-06-11 15:17:32.403495
USER_0440,445,2026-05-18 15:17:32.403512
USER_0440,194,2026-06-01 15:17:32.403521
USER_0440,423,2026-04-07 15:17:32.403530
USER_0440,489,2026-05-04 15:17:32.403545
USER_0440,412,2026-04-16 15:17:32.403555
USER_0440,353,2026-05-01 15:17:32.403564
USER_0440,245,2026-06-07 15:17:32.403573
USER_0441,92,2026-05-17 15:17:32.403592
USER_0442,316,2026-04-17 15:17:32.403605
USER_0443,281,2026-03-24 15:17:32.403622
USER_0443,70,2026-06-03 15:17:32.403631
USER_0443,324,2026-06-07 15:17:32.403640
USER_0443,304,2026-05-25 15:17:32.403653
USER_0443,6,2026-04-14 15:17:32.403664
USER_0443,304,2026-04-23 15:17:32.403677
USER_0443,192,2026-04-28 15:17:32.403686
USER_0444,16,2026-04-19 15:17:32.403702
USER_0445,206,2026-06-17 15:17:32.403714
USER_0445,116,2026-05-22 15:17:32.403723
USER_0445,281,2026-05-19 15:17:32.403738
USER_0445,24,2026-06-04 15:17:32.403748
USER_0445,155,2026-04-27 15:17:32.403757
USER_0445,119,2026-04-08 15:17:32.403765
USER_0445,320,2026-04-25 15:17:32.403780
USER_0445,335,2026-03-26 15:17:32.403794
USER_0445,498,2026-05-10 15:17:32.403803
USER_0446,205,2026-04-10 15:17:32.403816
USER_0446,338,2026-05-22 15:17:32.403825
USER_0446,449,2026-06-01 15:17:32.403838
USER_0447,270,2026-05-06 15:17:32.403857
USER_0447,138,2026-06-17 15:17:32.403867
USER_0447,429,2026-04-28 15:17:32.403879
USER_0447,56,2026-05-21 15:17:32.403891
USER_0447,434,2026-06-02 15:17:32.403900
USER_0447,193,2026-05-03 15:17:32.403909
USER_0447,21,2026-06-12 15:17:32.403926
USER_0447,203,2026-06-14 15:17:32.403935
USER_0447,359,2026-04-24 15:17:32.403944
USER_0448,219,2026-04-02 15:17:32.403957
USER_0448,48,2026-04-24 15:17:32.403972
USER_0448,81,2026-05-06 15:17:32.403982
USER_0448,332,2026-04-15 15:17:32.403991
USER_0449,19,2026-04-02 15:17:32.404005
USER_0449,220,2026-04-17 15:17:32.404019
USER_0449,338,2026-04-14 15:17:32.404030
USER_0449,181,2026-06-17 15:17:32.404039
USER_0449,319,2026-04-03 15:17:32.404048
USER_0449,58,2026-05-11 15:17:32.404057
USER_0450,131,2026-04-19 15:17:32.404070
USER_0450,371,2026-04-21 15:17:32.404084
USER_0450,121,2026-04-06 15:17:32.404094
USER_0450,234,2026-05-21 15:17:32.404103
USER_0450,61,2026-06-18 15:17:32.404112
USER_0450,392,2026-05-02 15:17:32.404133
USER_0450,123,2026-05-20 15:17:32.404144
USER_0451,206,2026-04-20 15:17:32.404158
USER_0451,408,2026-05-03 15:17:32.404167
USER_0452,200,2026-06-12 15:17:32.404184
USER_0452,356,2026-04-23 15:17:32.404195
USER_0452,317,2026-05-06 15:17:32.404204
USER_0452,479,2026-05-12 15:17:32.404214
USER_0453,354,2026-03-31 15:17:32.404233
USER_0453,191,2026-03-29 15:17:32.404245
USER_0453,28,2026-05-07 15:17:32.404254
USER_0453,70,2026-04-22 15:17:32.404269
USER_0453,382,2026-06-11 15:17:32.404278
USER_0453,412,2026-06-14 15:17:32.404287
USER_0453,400,2026-04-23 15:17:32.404298
USER_0453,214,2026-06-04 15:17:32.404316
USER_0453,276,2026-06-17 15:17:32.404325
USER_0453,345,2026-04-17 15:17:32.404334
USER_0454,61,2026-03-26 15:17:32.404347
USER_0454,331,2026-05-09 15:17:32.404361
USER_0454,444,2026-05-09 15:17:32.404372
USER_0454,266,2026-06-07 15:17:32.404380
USER_0455,7,2026-06-04 15:17:32.404400
USER_0455,312,2026-04-22 15:17:32.404409
USER_0455,236,2026-05-11 15:17:32.404418
USER_0455,385,2026-04-22 15:17:32.404427
USER_0455,137,2026-04-05 15:17:32.404442
USER_0455,394,2026-05-07 15:17:32.404451
USER_0456,1,2026-03-22 15:17:32.404469
USER_0457,370,2026-06-08 15:17:32.404483
USER_0457,278,2026-03-22 15:17:32.404492
USER_0458,223,2026-04-19 15:17:32.404515
USER_0458,293,2026-04-19 15:17:32.404524
USER_0459,165,2026-04-14 15:17:32.404537
USER_0459,221,2026-04-14 15:17:32.404546
USER_0459,128,2026-04-20 15:17:32.404555
USER_0459,479,2026-05-06 15:17:32.404568
USER_0459,404,2026-05-23 15:17:32.404579
USER_0459,410,2026-06-07 15:17:32.404588
USER_0459,277,2026-06-13 15:17:32.404597
USER_0459,486,2026-04-07 15:17:32.404605
USER_0459,462,2026-04-28 15:17:32.404614
USER_0460,374,2026-05-28 15:17:32.404634
USER_0460,471,2026-04-11 15:17:32.404643
USER_0460,356,2026-03-28 15:17:32.404654
USER_0460,203,2026-03-28 15:17:32.404670
USER_0461,391,2026-05-23 15:17:32.404686
USER_0462,62,2026-05-14 15:17:32.404699
USER_0463,380,2026-04-11 15:17:32.404718
USER_0463,95,2026-05-30 15:17:32.404728
USER_0463,78,2026-05-16 15:17:32.404736
USER_0463,315,2026-06-15 15:17:32.404745
USER_0463,177,2026-05-05 15:17:32.404754
USER_0463,389,2026-05-03 15:17:32.404768
USER_0464,365,2026-04-25 15:17:32.404782
USER_0464,231,2026-04-22 15:17:32.404791
USER_0464,454,2026-05-22 15:17:32.404801
USER_0464,229,2026-04-04 15:17:32.404815
USER_0464,257,2026-06-02 15:17:32.404825
USER_0464,330,2026-06-12 15:17:32.404834
USER_0464,380,2026-04-27 15:17:32.404842
USER_0464,175,2026-05-13 15:17:32.404857
USER_0464,275,2026-05-24 15:17:32.404866
USER_0465,364,2026-04-14 15:17:32.404879
USER_0465,350,2026-05-16 15:17:32.404897
USER_0465,399,2026-06-05 15:17:32.404906
USER_0465,368,2026-06-07 15:17:32.404915
USER_0465,499,2026-05-16 15:17:32.404924
USER_0465,186,2026-04-06 15:17:32.404933
USER_0465,498,2026-05-30 15:17:32.404942
USER_0465,458,2026-04-27 15:17:32.404951
USER_0465,303,2026-05-21 15:17:32.404960
USER_0465,85,2026-05-16 15:17:32.404968
USER_0466,461,2026-05-20 15:17:32.404981
USER_0466,113,2026-05-27 15:17:32.404990
USER_0466,479,2026-05-02 15:17:32.404999
USER_0466,182,2026-05-19 15:17:32.405008
USER_0466,255,2026-04-02 15:17:32.405017
USER_0466,354,2026-04-23 15:17:32.405025
USER_0467,196,2026-04-01 15:17:32.405038
USER_0467,124,2026-03-27 15:17:32.405047
USER_0467,338,2026-06-10 15:17:32.405056
USER_0468,60,2026-04-13 15:17:32.405068
USER_0468,382,2026-05-22 15:17:32.405077
USER_0468,170,2026-06-01 15:17:32.405087
USER_0468,73,2026-04-15 15:17:32.405096
USER_0468,426,2026-04-20 15:17:32.405104
USER_0468,275,2026-05-26 15:17:32.405113
USER_0468,210,2026-05-03 15:17:32.405122
USER_0468,407,2026-03-25 15:17:32.405131
USER_0468,109,2026-06-09 15:17:32.405140
USER_0469,27,2026-04-26 15:17:32.405159
USER_0469,190,2026-04-12 15:17:32.405168
USER_0470,148,2026-04-30 15:17:32.405180
USER_0470,49,2026-06-08 15:17:32.405191
USER_0470,245,2026-06-16 15:17:32.405200
USER_0470,467,2026-05-09 15:17:32.405208
USER_0470,408,2026-05-13 15:17:32.405217
USER_0471,54,2026-05-24 15:17:32.405230
USER_0471,209,2026-04-27 15:17:32.405239
USER_0472,74,2026-03-25 15:17:32.405252
USER_0472,427,2026-05-30 15:17:32.405261
USER_0472,342,2026-06-15 15:17:32.405270
USER_0472,58,2026-05-10 15:17:32.405279
USER_0472,488,2026-03-23 15:17:32.405287
USER_0472,457,2026-04-27 15:17:32.405296
USER_0472,338,2026-05-29 15:17:32.405305
USER_0472,63,2026-04-16 15:17:32.405314
USER_0473,192,2026-06-16 15:17:32.405327
USER_0473,103,2026-06-05 15:17:32.405336
USER_0473,405,2026-04-05 15:17:32.405344
USER_0473,241,2026-03-26 15:17:32.405353
USER_0473,208,2026-05-04 15:17:32.405362
USER_0473,141,2026-05-05 15:17:32.405371
USER_0473,403,2026-05-01 15:17:32.405380
USER_0474,374,2026-05-18 15:17:32.405394
USER_0474,42,2026-04-22 15:17:32.405403
USER_0475,221,2026-05-31 15:17:32.405416
USER_0475,130,2026-05-13 15:17:32.405427
USER_0475,183,2026-05-23 15:17:32.405436
USER_0475,93,2026-03-22 15:17:32.405444
USER_0475,460,2026-06-07 15:17:32.405453
USER_0475,292,2026-04-15 15:17:32.405462
USER_0475,229,2026-05-02 15:17:32.405471
USER_0475,291,2026-04-15 15:17:32.405480
USER_0476,74,2026-05-25 15:17:32.405495
USER_0476,363,2026-04-09 15:17:32.405503
USER_0476,298,2026-05-11 15:17:32.405512
USER_0476,147,2026-05-29 15:17:32.405524
USER_0476,28,2026-06-12 15:17:32.405533
USER_0476,473,2026-05-11 15:17:32.405542
USER_0477,115,2026-03-28 15:17:32.405557
USER_0478,429,2026-06-04 15:17:32.405570
USER_0478,234,2026-04-19 15:17:32.405579
USER_0478,463,2026-06-13 15:17:32.405589
USER_0478,442,2026-05-06 15:17:32.405598
USER_0478,431,2026-04-25 15:17:32.405607
USER_0478,180,2026-05-24 15:17:32.405616
USER_0478,87,2026-03-25 15:17:32.405624
USER_0479,178,2026-05-16 15:17:32.405637
USER_0479,292,2026-03-28 15:17:32.405646
USER_0479,238,2026-03-31 15:17:32.405657
USER_0479,263,2026-04-24 15:17:32.405666
USER_0479,94,2026-04-02 15:17:32.405675
USER_0479,379,2026-05-31 15:17:32.405684
USER_0479,118,2026-04-28 15:17:32.405693
USER_0479,432,2026-06-08 15:17:32.405702
USER_0479,63,2026-06-03 15:17:32.405711
USER_0480,402,2026-05-22 15:17:32.405723
USER_0480,97,2026-06-09 15:17:32.405733
USER_0480,70,2026-05-01 15:17:32.405741
USER_0480,289,2026-04-23 15:17:32.405750
USER_0480,49,2026-05-31 15:17:32.405830
USER_0480,393,2026-03-24 15:17:32.405839
USER_0480,51,2026-05-19 15:17:32.405848
USER_0480,484,2026-06-05 15:17:32.405857
USER_0480,386,2026-03-28 15:17:32.405866
USER_0480,125,2026-05-14 15:17:32.405876
USER_0481,71,2026-05-11 15:17:32.405889
USER_0481,235,2026-05-11 15:17:32.405898
USER_0481,406,2026-04-25 15:17:32.405907
USER_0481,109,2026-06-09 15:17:32.405916
USER_0481,391,2026-04-17 15:17:32.405925
USER_0481,59,2026-04-25 15:17:32.405934
USER_0481,38,2026-06-10 15:17:32.405943
USER_0481,48,2026-05-23 15:17:32.405952
USER_0481,124,2026-05-15 15:17:32.405961
USER_0482,85,2026-05-25 15:17:32.405974
USER_0482,222,2026-06-16 15:17:32.405983
USER_0482,447,2026-03-30 15:17:32.405992
USER_0482,382,2026-05-13 15:17:32.406005
USER_0483,277,2026-03-25 15:17:32.406028
USER_0483,30,2026-06-18 15:17:32.406042
USER_0483,475,2026-06-09 15:17:32.406056
USER_0483,95,2026-05-05 15:17:32.406073
USER_0483,452,2026-04-19 15:17:32.406088
USER_0483,485,2026-04-17 15:17:32.406103
USER_0483,423,2026-06-10 15:17:32.406117
USER_0483,354,2026-05-27 15:17:32.406134
USER_0484,64,2026-06-03 15:17:32.406163
USER_0484,438,2026-04-24 15:17:32.406178
USER_0484,183,2026-04-28 15:17:32.406193
USER_0484,277,2026-06-11 15:17:32.406208
USER_0484,88,2026-06-07 15:17:32.406223
USER_0484,17,2026-05-03 15:17:32.406239
USER_0484,423,2026-04-05 15:17:32.406255
USER_0485,105,2026-06-05 15:17:32.406277
USER_0486,12,2026-05-12 15:17:32.406301
USER_0486,31,2026-03-31 15:17:32.406315
USER_0486,39,2026-06-11 15:17:32.406329
USER_0486,217,2026-05-31 15:17:32.406342
USER_0486,81,2026-03-27 15:17:32.406356
USER_0486,207,2026-04-04 15:17:32.406374
USER_0486,446,2026-04-08 15:17:32.406389
USER_0487,443,2026-03-29 15:17:32.406412
USER_0487,248,2026-04-10 15:17:32.406429
USER_0487,17,2026-05-03 15:17:32.406444
USER_0487,438,2026-06-04 15:17:32.406459
USER_0487,195,2026-05-12 15:17:32.406474
USER_0487,344,2026-04-22 15:17:32.406493
USER_0488,364,2026-06-07 15:17:32.406515
USER_0488,496,2026-03-31 15:17:32.406530
USER_0488,466,2026-06-14 15:17:32.406544
USER_0488,187,2026-04-04 15:17:32.406558
USER_0488,269,2026-03-22 15:17:32.406572
USER_0488,131,2026-04-27 15:17:32.406586
USER_0488,71,2026-05-12 15:17:32.406599
USER_0488,332,2026-05-26 15:17:32.406613
USER_0489,421,2026-04-18 15:17:32.406633
USER_0489,221,2026-04-28 15:17:32.406647
USER_0489,411,2026-04-14 15:17:32.406663
USER_0489,236,2026-06-17 15:17:32.406679
USER_0489,405,2026-04-01 15:17:32.406693
USER_0489,199,2026-05-13 15:17:32.406708
USER_0490,317,2026-04-09 15:17:32.406730
USER_0490,5,2026-04-24 15:17:32.406747
USER_0490,31,2026-04-03 15:17:32.406764
USER_0490,386,2026-06-10 15:17:32.406782
USER_0490,75,2026-04-22 15:17:32.406802
USER_0490,314,2026-05-02 15:17:32.406817
USER_0490,348,2026-05-20 15:17:32.406833
USER_0491,307,2026-04-19 15:17:32.406855
USER_0491,126,2026-03-23 15:17:32.406871
USER_0491,286,2026-05-10 15:17:32.406887
USER_0491,249,2026-03-27 15:17:32.406916
USER_0491,486,2026-03-28 15:17:32.406932
USER_0492,12,2026-06-16 15:17:32.406955
USER_0492,126,2026-05-06 15:17:32.406970
USER_0492,113,2026-05-09 15:17:32.406986
USER_0492,275,2026-05-02 15:17:32.407002
USER_0492,336,2026-04-04 15:17:32.407018
USER_0492,419,2026-04-27 15:17:32.407034
USER_0493,398,2026-06-19 15:17:32.407056
USER_0494,57,2026-05-27 15:17:32.407081
USER_0495,173,2026-05-28 15:17:32.407103
USER_0495,263,2026-04-09 15:17:32.407119
USER_0495,473,2026-04-22 15:17:32.407135
USER_0495,268,2026-04-22 15:17:32.407151
USER_0495,228,2026-05-12 15:17:32.407166
USER_0495,472,2026-05-23 15:17:32.407181
USER_0495,271,2026-04-20 15:17:32.407197
USER_0495,245,2026-06-18 15:17:32.407213
USER_0496,285,2026-06-03 15:17:32.407233
USER_0496,95,2026-06-07 15:17:32.407246
USER_0497,268,2026-03-30 15:17:32.407269
USER_0497,468,2026-05-08 15:17:32.407284
USER_0498,336,2026-04-26 15:17:32.407308
USER_0498,466,2026-05-11 15:17:32.407323
USER_0498,200,2026-06-05 15:17:32.407338
USER_0498,201,2026-04-29 15:17:32.407354
USER_0498,470,2026-04-28 15:17:32.407369
USER_0499,416,2026-05-21 15:17:32.407391
USER_0499,307,2026-04-24 15:17:32.407407
USER_0499,181,2026-06-11 15:17:32.407428
USER_0499,43,2026-06-19 15:17:32.407443
USER_0500,97,2026-04-06 15:17:32.407469
USER_0500,264,2026-04-01 15:17:32.407485
USER_0500,270,2026-05-19 15:17:32.407501
USER_0501,440,2026-04-03 15:17:32.407543
USER_0502,154,2026-04-09 15:17:32.407567
USER_0502,267,2026-04-19 15:17:32.407583
USER_0502,106,2026-04-16 15:17:32.407598
USER_0502,189,2026-05-09 15:17:32.407616
USER_0502,102,2026-06-09 15:17:32.407631
USER_0502,350,2026-05-08 15:17:32.407646
USER_0502,480,2026-06-03 15:17:32.407665
USER_0502,220,2026-05-19 15:17:32.407680
USER_0503,423,2026-03-27 15:17:32.407702
USER_0503,55,2026-05-28 15:17:32.407718
USER_0503,341,2026-06-14 15:17:32.407734
USER_0503,101,2026-05-01 15:17:32.407751
USER_0503,492,2026-05-14 15:17:32.407767
USER_0504,199,2026-04-27 15:17:32.407789
USER_0504,226,2026-05-02 15:17:32.407804
USER_0504,343,2026-06-09 15:17:32.407819
USER_0505,114,2026-05-30 15:17:32.407841
USER_0506,103,2026-04-18 15:17:32.407863
USER_0506,358,2026-03-29 15:17:32.407882
USER_0507,146,2026-06-14 15:17:32.407906
USER_0508,449,2026-05-23 15:17:32.407929
USER_0508,118,2026-05-13 15:17:32.407945
USER_0508,370,2026-05-14 15:17:32.407961
USER_0508,213,2026-04-13 15:17:32.407976
USER_0508,176,2026-03-22 15:17:32.407992
USER_0508,163,2026-05-08 15:17:32.408008
USER_0508,268,2026-04-23 15:17:32.408023
USER_0508,57,2026-04-29 15:17:32.408033
USER_0509,493,2026-04-21 15:17:32.408047
USER_0510,251,2026-04-23 15:17:32.408060
USER_0510,283,2026-04-25 15:17:32.408070
USER_0510,425,2026-06-19 15:17:32.408080
USER_0511,295,2026-05-03 15:17:32.408093
USER_0511,459,2026-04-18 15:17:32.408103
USER_0512,207,2026-03-24 15:17:32.408117
USER_0512,421,2026-06-16 15:17:32.408126
USER_0512,136,2026-05-24 15:17:32.408136
USER_0512,183,2026-06-04 15:17:32.408145
USER_0512,286,2026-04-05 15:17:32.408155
USER_0512,374,2026-03-24 15:17:32.408164
USER_0512,236,2026-06-06 15:17:32.408174
USER_0512,289,2026-05-26 15:17:32.408187
USER_0513,117,2026-05-27 15:17:32.408200
USER_0513,281,2026-04-08 15:17:32.408210
USER_0513,447,2026-05-31 15:17:32.408219
USER_0514,210,2026-06-10 15:17:32.408233
USER_0514,151,2026-04-14 15:17:32.408242
USER_0514,194,2026-06-15 15:17:32.408252
USER_0514,282,2026-04-23 15:17:32.408261
USER_0514,112,2026-04-01 15:17:32.408270
USER_0514,162,2026-06-05 15:17:32.408295
USER_0514,104,2026-04-05 15:17:32.408305
USER_0514,43,2026-04-28 15:17:32.408314
USER_0515,161,2026-05-04 15:17:32.408329
USER_0515,350,2026-03-25 15:17:32.408339
USER_0515,339,2026-05-01 15:17:32.408348
USER_0515,470,2026-06-08 15:17:32.408357
USER_0515,86,2026-06-16 15:17:32.408367
USER_0515,182,2026-05-03 15:17:32.408376
USER_0515,245,2026-06-19 15:17:32.408385
USER_0515,65,2026-03-23 15:17:32.408397
USER_0515,386,2026-05-21 15:17:32.408407
USER_0515,472,2026-05-30 15:17:32.408416
USER_0516,115,2026-05-02 15:17:32.408429
USER_0516,468,2026-03-26 15:17:32.408439
USER_0516,480,2026-04-19 15:17:32.408448
USER_0516,252,2026-05-13 15:17:32.408457
USER_0517,462,2026-04-29 15:17:32.408471
USER_0517,24,2026-05-05 15:17:32.408480
USER_0517,471,2026-05-30 15:17:32.408490
USER_0517,69,2026-06-15 15:17:32.408501
USER_0517,470,2026-05-04 15:17:32.408510
USER_0517,90,2026-04-13 15:17:32.408520
USER_0517,148,2026-06-02 15:17:32.408529
USER_0517,359,2026-03-26 15:17:32.408538
USER_0517,191,2026-05-28 15:17:32.408547
USER_0517,39,2026-04-14 15:17:32.408556
USER_0518,344,2026-06-10 15:17:32.408570
USER_0518,496,2026-04-29 15:17:32.408579
USER_0519,60,2026-04-06 15:17:32.408592
USER_0519,4,2026-04-17 15:17:32.408602
USER_0519,310,2026-04-28 15:17:32.408611
USER_0519,55,2026-05-14 15:17:32.408621
USER_0519,236,2026-04-22 15:17:32.408630
USER_0519,72,2026-04-12 15:17:32.408639
USER_0519,239,2026-04-22 15:17:32.408648
USER_0519,448,2026-06-18 15:17:32.408657
USER_0520,306,2026-04-21 15:17:32.408671
USER_0520,266,2026-05-21 15:17:32.408680
USER_0520,422,2026-04-05 15:17:32.408689
USER_0520,204,2026-03-22 15:17:32.408701
USER_0520,446,2026-04-09 15:17:32.408710
USER_0520,444,2026-04-17 15:17:32.408719
USER_0520,219,2026-04-27 15:17:32.408728
USER_0520,102,2026-04-08 15:17:32.408738
USER_0521,183,2026-03-27 15:17:32.408751
USER_0521,246,2026-05-17 15:17:32.408760
USER_0521,51,2026-05-20 15:17:32.408769
USER_0521,75,2026-03-23 15:17:32.408779
USER_0521,438,2026-06-19 15:17:32.408788
USER_0521,39,2026-05-29 15:17:32.408797
USER_0521,320,2026-06-19 15:17:32.408806
USER_0521,489,2026-04-18 15:17:32.408815
USER_0521,425,2026-04-27 15:17:32.408825
USER_0521,334,2026-05-30 15:17:32.408834
USER_0522,165,2026-05-29 15:17:32.408847
USER_0523,7,2026-04-01 15:17:32.408861
USER_0523,174,2026-04-19 15:17:32.408870
USER_0523,16,2026-06-03 15:17:32.408879
USER_0524,140,2026-03-22 15:17:32.408892
USER_0524,165,2026-06-03 15:17:32.408902
USER_0524,495,2026-03-31 15:17:32.408920
USER_0524,428,2026-04-03 15:17:32.408929
USER_0524,162,2026-06-14 15:17:32.408939
USER_0524,238,2026-06-06 15:17:32.408948
USER_0525,142,2026-04-20 15:17:32.408961
USER_0525,282,2026-04-27 15:17:32.408970
USER_0525,240,2026-06-07 15:17:32.408980
USER_0525,244,2026-05-20 15:17:32.408989
USER_0525,59,2026-05-16 15:17:32.408998
USER_0525,196,2026-06-14 15:17:32.409007
USER_0525,57,2026-03-26 15:17:32.409016
USER_0525,406,2026-05-02 15:17:32.409025
USER_0526,25,2026-05-17 15:17:32.409039
USER_0526,4,2026-05-04 15:17:32.409050
USER_0526,19,2026-03-22 15:17:32.409059
USER_0526,197,2026-06-14 15:17:32.409068
USER_0526,447,2026-04-22 15:17:32.409077
USER_0526,387,2026-06-02 15:17:32.409087
USER_0526,248,2026-06-03 15:17:32.409096
USER_0526,461,2026-06-06 15:17:32.409105
USER_0526,390,2026-06-07 15:17:32.409114
USER_0527,18,2026-06-05 15:17:32.409129
USER_0527,490,2026-04-18 15:17:32.409139
USER_0527,336,2026-05-16 15:17:32.409148
USER_0527,402,2026-05-16 15:17:32.409157
USER_0527,99,2026-05-31 15:17:32.409167
USER_0527,415,2026-05-16 15:17:32.409176
USER_0527,43,2026-05-03 15:17:32.409185
USER_0528,316,2026-05-27 15:17:32.409198
USER_0528,326,2026-06-03 15:17:32.409208
USER_0528,64,2026-05-01 15:17:32.409217
USER_0528,163,2026-05-19 15:17:32.409226
USER_0528,453,2026-06-07 15:17:32.409235
USER_0528,127,2026-04-23 15:17:32.409244
USER_0528,420,2026-06-06 15:17:32.409254
USER_0528,238,2026-04-02 15:17:32.409263
USER_0529,186,2026-05-11 15:17:32.409276
USER_0529,219,2026-04-01 15:17:32.409285
USER_0529,189,2026-06-04 15:17:32.409294
USER_0529,428,2026-06-16 15:17:32.409303
USER_0530,351,2026-05-23 15:17:32.409317
USER_0530,286,2026-04-15 15:17:32.409326
USER_0530,245,2026-06-17 15:17:32.409335
USER_0530,279,2026-06-12 15:17:32.409344
USER_0530,170,2026-06-05 15:17:32.409353
USER_0530,200,2026-05-20 15:17:32.409363
USER_0530,449,2026-05-06 15:17:32.409372
USER_0530,70,2026-06-12 15:17:32.409381
USER_0530,463,2026-04-24 15:17:32.409390
USER_0530,457,2026-05-21 15:17:32.409399
USER_0531,369,2026-06-02 15:17:32.409413
USER_0531,372,2026-04-12 15:17:32.409422
USER_0531,59,2026-05-12 15:17:32.409431
USER_0531,381,2026-05-08 15:17:32.409440
USER_0531,150,2026-05-06 15:17:32.409450
USER_0531,349,2026-04-12 15:17:32.409459
USER_0532,121,2026-04-25 15:17:32.409472
USER_0532,92,2026-06-16 15:17:32.409481
USER_0532,5,2026-05-28 15:17:32.409490
USER_0532,105,2026-05-19 15:17:32.409499
USER_0532,270,2026-06-02 15:17:32.409509
USER_0532,377,2026-05-11 15:17:32.409518
USER_0533,211,2026-04-07 15:17:32.409531
USER_0533,111,2026-06-14 15:17:32.409540
USER_0533,322,2026-04-18 15:17:32.409552
USER_0533,298,2026-06-09 15:17:32.409562
USER_0533,95,2026-06-03 15:17:32.409571
USER_0533,446,2026-06-16 15:17:32.409580
USER_0533,336,2026-04-13 15:17:32.409589
USER_0533,466,2026-05-10 15:17:32.409598
USER_0533,415,2026-06-15 15:17:32.409608
USER_0534,290,2026-04-11 15:17:32.409621
USER_0534,192,2026-05-29 15:17:32.409630
USER_0534,149,2026-03-28 15:17:32.409639
USER_0534,460,2026-06-09 15:17:32.409649
USER_0534,392,2026-06-17 15:17:32.409661
USER_0534,75,2026-04-21 15:17:32.409768
USER_0535,224,2026-06-06 15:17:32.409817
USER_0535,112,2026-06-02 15:17:32.409837
USER_0535,278,2026-04-08 15:17:32.409855
USER_0535,82,2026-04-07 15:17:32.409874
USER_0535,68,2026-05-04 15:17:32.409892
USER_0535,371,2026-05-04 15:17:32.409910
USER_0535,29,2026-03-25 15:17:32.409929
USER_0536,481,2026-05-23 15:17:32.409957
USER_0536,73,2026-05-26 15:17:32.409975
USER_0536,489,2026-04-03 15:17:32.409993
USER_0536,93,2026-04-23 15:17:32.410012
USER_0536,24,2026-05-10 15:17:32.410034
USER_0536,354,2026-04-03 15:17:32.410052
USER_0536,225,2026-05-03 15:17:32.410070
USER_0536,98,2026-06-10 15:17:32.410088
USER_0536,10,2026-04-06 15:17:32.410106
USER_0537,213,2026-05-30 15:17:32.410132
USER_0537,390,2026-05-06 15:17:32.410150
USER_0537,447,2026-03-31 15:17:32.410168
USER_0537,257,2026-04-17 15:17:32.410186
USER_0537,120,2026-04-05 15:17:32.410207
USER_0538,53,2026-03-30 15:17:32.410235
USER_0538,271,2026-04-06 15:17:32.410253
USER_0538,482,2026-06-02 15:17:32.410272
USER_0538,345,2026-04-22 15:17:32.410290
USER_0538,261,2026-06-04 15:17:32.410308
USER_0538,363,2026-04-24 15:17:32.410326
USER_0538,238,2026-05-04 15:17:32.410344
USER_0538,297,2026-05-03 15:17:32.410362
USER_0538,187,2026-04-05 15:17:32.410386
USER_0538,387,2026-04-04 15:17:32.410404
USER_0539,473,2026-06-18 15:17:32.410430
USER_0539,410,2026-04-22 15:17:32.410451
USER_0539,78,2026-05-24 15:17:32.410468
USER_0539,262,2026-04-09 15:17:32.410485
USER_0539,366,2026-04-18 15:17:32.410503
USER_0539,62,2026-05-05 15:17:32.410521
USER_0539,140,2026-06-08 15:17:32.410539
USER_0540,252,2026-04-18 15:17:32.410565
USER_0541,468,2026-05-15 15:17:32.410591
USER_0542,89,2026-04-12 15:17:32.410620
USER_0542,291,2026-04-01 15:17:32.410638
USER_0542,117,2026-05-23 15:17:32.410656
USER_0542,75,2026-05-04 15:17:32.410674
USER_0542,150,2026-05-21 15:17:32.410692
USER_0542,269,2026-06-04 15:17:32.410710
USER_0542,70,2026-04-07 15:17:32.410727
USER_0542,123,2026-04-29 15:17:32.410747
USER_0543,194,2026-05-22 15:17:32.410773
USER_0543,227,2026-06-05 15:17:32.410791
USER_0543,429,2026-05-04 15:17:32.410809
USER_0543,274,2026-04-29 15:17:32.410827
USER_0543,105,2026-04-04 15:17:32.410844
USER_0544,164,2026-04-17 15:17:32.410868
USER_0544,310,2026-05-24 15:17:32.410885
USER_0544,147,2026-05-22 15:17:32.410903
USER_0544,325,2026-05-26 15:17:32.410921
USER_0544,163,2026-04-18 15:17:32.410939
USER_0545,223,2026-05-29 15:17:32.410964
USER_0545,145,2026-06-04 15:17:32.410984
USER_0546,355,2026-04-27 15:17:32.411009
USER_0546,44,2026-05-21 15:17:32.411032
USER_0546,470,2026-06-01 15:17:32.411049
USER_0546,140,2026-05-17 15:17:32.411071
USER_0546,317,2026-05-08 15:17:32.411089
USER_0547,179,2026-05-29 15:17:32.411114
USER_0547,366,2026-04-29 15:17:32.411132
USER_0547,328,2026-05-15 15:17:32.411150
USER_0547,37,2026-06-01 15:17:32.411168
USER_0547,115,2026-04-11 15:17:32.411185
USER_0547,440,2026-04-02 15:17:32.411203
USER_0548,287,2026-06-11 15:17:32.411230
USER_0548,49,2026-06-16 15:17:32.411251
USER_0548,4,2026-03-30 15:17:32.411268
USER_0548,342,2026-05-31 15:17:32.411286
USER_0549,441,2026-05-29 15:17:32.411312
USER_0549,476,2026-04-13 15:17:32.411330
USER_0549,289,2026-05-07 15:17:32.411350
USER_0549,297,2026-04-04 15:17:32.411370
USER_0549,105,2026-06-11 15:17:32.411387
USER_0550,146,2026-04-13 15:17:32.411427
USER_0550,383,2026-05-20 15:17:32.411445
USER_0550,440,2026-05-16 15:17:32.411463
USER_0550,188,2026-03-27 15:17:32.411481
USER_0550,338,2026-05-20 15:17:32.411499
USER_0550,287,2026-04-28 15:17:32.411517
USER_0550,186,2026-04-15 15:17:32.411534
USER_0551,129,2026-06-10 15:17:32.411560
USER_0551,315,2026-04-15 15:17:32.411578
USER_0551,272,2026-03-24 15:17:32.411596
USER_0551,15,2026-06-04 15:17:32.411622
USER_0552,106,2026-05-20 15:17:32.411649
USER_0552,128,2026-03-24 15:17:32.411669
USER_0552,374,2026-06-09 15:17:32.411687
USER_0552,3,2026-03-27 15:17:32.411704
USER_0552,409,2026-04-10 15:17:32.411722
USER_0552,395,2026-05-01 15:17:32.411744
USER_0552,224,2026-03-31 15:17:32.411762
USER_0553,475,2026-05-04 15:17:32.411788
USER_0554,385,2026-04-10 15:17:32.411813
USER_0554,259,2026-05-27 15:17:32.411832
USER_0554,409,2026-06-01 15:17:32.411849
USER_0554,295,2026-04-06 15:17:32.411867
USER_0554,170,2026-05-01 15:17:32.411885
USER_0555,194,2026-06-08 15:17:32.411911
USER_0555,368,2026-05-24 15:17:32.411929
USER_0555,449,2026-04-27 15:17:32.411947
USER_0556,385,2026-06-04 15:17:32.411973
USER_0557,83,2026-05-21 15:17:32.411998
USER_0557,283,2026-05-13 15:17:32.412018
USER_0557,95,2026-05-26 15:17:32.412037
USER_0557,443,2026-06-10 15:17:32.412055
USER_0557,295,2026-05-09 15:17:32.412079
USER_0557,360,2026-04-04 15:17:32.412097
USER_0558,302,2026-05-09 15:17:32.412123
USER_0558,245,2026-05-14 15:17:32.412141
USER_0558,236,2026-04-01 15:17:32.412159
USER_0558,184,2026-05-29 15:17:32.412177
USER_0558,241,2026-03-28 15:17:32.412195
USER_0558,40,2026-05-24 15:17:32.412213
USER_0559,473,2026-05-19 15:17:32.412238
USER_0559,321,2026-03-23 15:17:32.412256
USER_0560,75,2026-04-08 15:17:32.412282
USER_0560,200,2026-03-22 15:17:32.412300
USER_0560,351,2026-06-10 15:17:32.412318
USER_0560,275,2026-05-03 15:17:32.412336
USER_0560,59,2026-05-12 15:17:32.412354
USER_0560,320,2026-04-15 15:17:32.412374
USER_0560,123,2026-04-30 15:17:32.412393
USER_0560,407,2026-05-15 15:17:32.412411
USER_0561,385,2026-05-24 15:17:32.412437
USER_0561,56,2026-05-20 15:17:32.412458
USER_0561,193,2026-04-03 15:17:32.412475
USER_0561,14,2026-05-22 15:17:32.412494
USER_0561,100,2026-06-08 15:17:32.412511
USER_0561,339,2026-05-23 15:17:32.412529
USER_0562,404,2026-05-27 15:17:32.412555
USER_0562,109,2026-06-10 15:17:32.412577
USER_0562,356,2026-04-03 15:17:32.412595
USER_0562,215,2026-06-02 15:17:32.412613
USER_0562,161,2026-06-06 15:17:32.412631
USER_0562,331,2026-04-23 15:17:32.412649
USER_0562,453,2026-05-29 15:17:32.412668
USER_0563,419,2026-05-06 15:17:32.412694
USER_0563,205,2026-05-29 15:17:32.412711
USER_0563,444,2026-04-01 15:17:32.412730
USER_0563,216,2026-04-25 15:17:32.412747
USER_0564,163,2026-05-06 15:17:32.412773
USER_0565,293,2026-06-02 15:17:32.412798
USER_0565,150,2026-04-14 15:17:32.412816
USER_0565,186,2026-06-04 15:17:32.412834
USER_0565,451,2026-04-12 15:17:32.412854
USER_0566,230,2026-04-03 15:17:32.412882
USER_0566,197,2026-04-03 15:17:32.412900
USER_0566,399,2026-06-08 15:17:32.412918
USER_0566,492,2026-03-31 15:17:32.412936
USER_0566,141,2026-03-25 15:17:32.412954
USER_0567,287,2026-05-05 15:17:32.412980
USER_0567,43,2026-06-05 15:17:32.413020
USER_0567,168,2026-06-03 15:17:32.413040
USER_0567,494,2026-04-27 15:17:32.413059
USER_0567,97,2026-05-07 15:17:32.413077
USER_0567,108,2026-06-15 15:17:32.413095
USER_0567,371,2026-05-24 15:17:32.413112
USER_0568,334,2026-04-03 15:17:32.413141
USER_0568,352,2026-05-08 15:17:32.413158
USER_0568,354,2026-05-20 15:17:32.413176
USER_0568,475,2026-06-03 15:17:32.413197
USER_0568,109,2026-03-29 15:17:32.413215
USER_0568,189,2026-04-27 15:17:32.413233
USER_0568,287,2026-03-25 15:17:32.413251
USER_0569,250,2026-06-07 15:17:32.413277
USER_0569,290,2026-03-28 15:17:32.413295
USER_0569,200,2026-06-15 15:17:32.413313
USER_0569,325,2026-05-22 15:17:32.413331
USER_0569,94,2026-05-26 15:17:32.413349
USER_0569,449,2026-05-29 15:17:32.413367
USER_0569,324,2026-05-06 15:17:32.413385
USER_0569,71,2026-03-23 15:17:32.413403
USER_0570,211,2026-06-19 15:17:32.413443
USER_0570,342,2026-05-07 15:17:32.413462
USER_0570,422,2026-04-06 15:17:32.413481
USER_0570,343,2026-04-27 15:17:32.413499
USER_0570,412,2026-04-06 15:17:32.413517
USER_0570,217,2026-04-27 15:17:32.413535
USER_0570,98,2026-06-04 15:17:32.413553
USER_0571,450,2026-05-05 15:17:32.413578
USER_0571,382,2026-04-16 15:17:32.413596
USER_0571,436,2026-04-23 15:17:32.413615
USER_0571,336,2026-06-19 15:17:32.413633
USER_0572,339,2026-05-22 15:17:32.413659
USER_0572,7,2026-04-11 15:17:32.413682
USER_0573,130,2026-05-18 15:17:32.413710
USER_0573,162,2026-04-21 15:17:32.413728
USER_0573,474,2026-04-12 15:17:32.413750
USER_0574,72,2026-05-31 15:17:32.413776
USER_0574,259,2026-05-12 15:17:32.413797
USER_0574,101,2026-06-01 15:17:32.413815
USER_0574,170,2026-05-06 15:17:32.413833
USER_0575,475,2026-03-26 15:17:32.413859
USER_0575,110,2026-04-29 15:17:32.413879
USER_0575,364,2026-04-28 15:17:32.413897
USER_0575,42,2026-03-26 15:17:32.413916
USER_0575,455,2026-03-29 15:17:32.413933
USER_0575,297,2026-04-09 15:17:32.413954
USER_0575,239,2026-03-22 15:17:32.413973
USER_0575,406,2026-05-25 15:17:32.413991
USER_0575,76,2026-05-08 15:17:32.414009
USER_0576,439,2026-05-31 15:17:32.414035
USER_0576,239,2026-03-29 15:17:32.414053
USER_0576,434,2026-05-12 15:17:32.414072
USER_0576,206,2026-06-08 15:17:32.414090
USER_0576,461,2026-04-26 15:17:32.414108
USER_0576,153,2026-06-09 15:17:32.414126
USER_0576,410,2026-05-09 15:17:32.414145
USER_0576,293,2026-06-09 15:17:32.414162
USER_0576,274,2026-05-08 15:17:32.414181
USER_0577,371,2026-05-05 15:17:32.414207
USER_0577,219,2026-05-09 15:17:32.414227
USER_0577,354,2026-04-16 15:17:32.414245
USER_0577,442,2026-04-09 15:17:32.414263
USER_0577,373,2026-04-29 15:17:32.414281
USER_0577,375,2026-05-04 15:17:32.414300
USER_0578,358,2026-06-09 15:17:32.414327
USER_0578,323,2026-04-20 15:17:32.414345
USER_0578,395,2026-05-26 15:17:32.414366
USER_0578,357,2026-05-25 15:17:32.414384
USER_0578,426,2026-06-08 15:17:32.414403
USER_0578,116,2026-04-30 15:17:32.414421
USER_0578,45,2026-05-14 15:17:32.414440
USER_0579,207,2026-03-24 15:17:32.414468
USER_0579,88,2026-06-07 15:17:32.414602
USER_0579,440,2026-04-27 15:17:32.414621
USER_0579,74,2026-06-16 15:17:32.414640
USER_0579,6,2026-05-02 15:17:32.414658
USER_0580,347,2026-06-09 15:17:32.414685
USER_0580,488,2026-04-27 15:17:32.414703
USER_0580,428,2026-03-25 15:17:32.414723
USER_0580,497,2026-05-28 15:17:32.414744
USER_0580,234,2026-05-23 15:17:32.414762
USER_0580,25,2026-04-24 15:17:32.414781
USER_0580,53,2026-05-26 15:17:32.414800
USER_0580,466,2026-05-22 15:17:32.414824
USER_0580,269,2026-05-15 15:17:32.414842
USER_0580,34,2026-04-03 15:17:32.414861
USER_0581,207,2026-04-14 15:17:32.414887
USER_0582,78,2026-05-06 15:17:32.414916
USER_0582,434,2026-03-23 15:17:32.414934
USER_0582,180,2026-05-04 15:17:32.414953
USER_0582,245,2026-04-17 15:17:32.414971
USER_0583,319,2026-05-13 15:17:32.414996
USER_0583,216,2026-03-25 15:17:32.415013
USER_0583,277,2026-06-13 15:17:32.415031
USER_0583,209,2026-03-31 15:17:32.415049
USER_0584,329,2026-05-10 15:17:32.415076
USER_0585,390,2026-04-24 15:17:32.415107
USER_0585,229,2026-05-01 15:17:32.415125
USER_0585,160,2026-04-29 15:17:32.415144
USER_0585,235,2026-06-19 15:17:32.415161
USER_0585,187,2026-04-28 15:17:32.415179
USER_0585,3,2026-05-17 15:17:32.415196
USER_0585,131,2026-06-03 15:17:32.415214
USER_0585,217,2026-05-08 15:17:32.415231
USER_0585,0,2026-06-16 15:17:32.415249
USER_0585,477,2026-04-10 15:17:32.415270
USER_0586,188,2026-04-08 15:17:32.415299
USER_0586,7,2026-05-16 15:17:32.415317
USER_0587,291,2026-03-29 15:17:32.415346
USER_0587,243,2026-05-01 15:17:32.415364
USER_0587,282,2026-05-08 15:17:32.415382
USER_0587,333,2026-05-19 15:17:32.415401
USER_0587,155,2026-06-02 15:17:32.415419
USER_0587,15,2026-05-22 15:17:32.415448
USER_0587,250,2026-05-04 15:17:32.415466
USER_0587,30,2026-04-22 15:17:32.415489
USER_0588,16,2026-05-14 15:17:32.415517
USER_0588,303,2026-05-12 15:17:32.415535
USER_0588,473,2026-05-05 15:17:32.415553
USER_0588,38,2026-05-03 15:17:32.415572
USER_0589,29,2026-06-16 15:17:32.415597
USER_0589,277,2026-05-21 15:17:32.415615
USER_0589,65,2026-04-06 15:17:32.415634
USER_0589,221,2026-06-08 15:17:32.415652
USER_0589,17,2026-05-15 15:17:32.415673
USER_0589,180,2026-03-22 15:17:32.415691
USER_0589,252,2026-04-10 15:17:32.415709
USER_0589,382,2026-06-19 15:17:32.415727
USER_0589,345,2026-04-23 15:17:32.415746
USER_0590,236,2026-03-22 15:17:32.415772
USER_0590,69,2026-06-14 15:17:32.415790
USER_0590,199,2026-05-07 15:17:32.415810
USER_0590,85,2026-05-27 15:17:32.415829
USER_0590,100,2026-06-01 15:17:32.415849
USER_0590,94,2026-06-02 15:17:32.415867
USER_0590,248,2026-05-21 15:17:32.415885
USER_0591,457,2026-05-18 15:17:32.415911
USER_0591,117,2026-06-08 15:17:32.415929
USER_0591,422,2026-05-24 15:17:32.415947
USER_0591,245,2026-06-11 15:17:32.415966
USER_0591,331,2026-05-30 15:17:32.415985
USER_0591,160,2026-05-22 15:17:32.416003
USER_0591,116,2026-04-19 15:17:32.416021
USER_0591,257,2026-06-05 15:17:32.416037
USER_0591,486,2026-04-29 15:17:32.416056
USER_0591,437,2026-05-07 15:17:32.416074
USER_0592,134,2026-06-17 15:17:32.416103
USER_0592,209,2026-05-08 15:17:32.416125
USER_0593,185,2026-05-14 15:17:32.416151
USER_0593,363,2026-05-18 15:17:32.416169
USER_0593,94,2026-04-22 15:17:32.416188
USER_0593,67,2026-06-09 15:17:32.416206
USER_0593,195,2026-03-30 15:17:32.416227
USER_0593,21,2026-03-24 15:17:32.416250
USER_0594,382,2026-05-07 15:17:32.416276
USER_0594,425,2026-06-14 15:17:32.416295
USER_0595,84,2026-04-24 15:17:32.416321
USER_0595,250,2026-04-26 15:17:32.416339
USER_0595,350,2026-06-04 15:17:32.416356
USER_0595,166,2026-06-06 15:17:32.416377
USER_0595,223,2026-05-23 15:17:32.416397
USER_0595,118,2026-04-30 15:17:32.416413
USER_0595,264,2026-05-02 15:17:32.416429
USER_0595,428,2026-04-23 15:17:32.416445
USER_0595,415,2026-05-29 15:17:32.416463
USER_0596,196,2026-03-25 15:17:32.416489
USER_0596,52,2026-05-09 15:17:32.416507
USER_0596,329,2026-04-22 15:17:32.416525
USER_0596,377,2026-05-12 15:17:32.416548
USER_0596,454,2026-06-05 15:17:32.416566
USER_0597,265,2026-03-29 15:17:32.416594
USER_0597,462,2026-05-22 15:17:32.416612
USER_0597,5,2026-05-16 15:17:32.416630
USER_0598,348,2026-04-04 15:17:32.416656
USER_0598,66,2026-06-01 15:17:32.416675
USER_0598,7,2026-06-12 15:17:32.416693
USER_0598,174,2026-03-28 15:17:32.416711
USER_0598,178,2026-06-16 15:17:32.416731
USER_0598,450,2026-03-27 15:17:32.416748
USER_0599,15,2026-03-25 15:17:32.416774
USER_0599,194,2026-04-04 15:17:32.416792
USER_0599,315,2026-06-11 15:17:32.416809
USER_0599,332,2026-04-03 15:17:32.416827
USER_0599,14,2026-04-10 15:17:32.416845
USER_0599,101,2026-04-10 15:17:32.416863
USER_0599,277,2026-05-10 15:17:32.416881
USER_0599,112,2026-05-27 15:17:32.416899
USER_0600,0,2026-05-07 15:17:32.416924
USER_0600,490,2026-06-10 15:17:32.416943
USER_0600,109,2026-04-01 15:17:32.416961
USER_0600,439,2026-04-09 15:17:32.416979
USER_0600,305,2026-03-23 15:17:32.416997
USER_0601,187,2026-03-31 15:17:32.417023
USER_0601,493,2026-05-25 15:17:32.417041
USER_0601,424,2026-04-03 15:17:32.417059
USER_0601,376,2026-05-15 15:17:32.417078
USER_0601,170,2026-05-28 15:17:32.417095
USER_0601,494,2026-06-14 15:17:32.417113
USER_0601,426,2026-04-12 15:17:32.417131
USER_0601,17,2026-05-26 15:17:32.417149
USER_0601,140,2026-04-19 15:17:32.417167
USER_0602,443,2026-04-22 15:17:32.417192
USER_0602,440,2026-04-18 15:17:32.417210
USER_0603,154,2026-04-25 15:17:32.417238
USER_0603,110,2026-05-19 15:17:32.417255
USER_0603,231,2026-06-11 15:17:32.417273
USER_0604,301,2026-04-13 15:17:32.417298
USER_0604,409,2026-04-14 15:17:32.417316
USER_0604,5,2026-06-12 15:17:32.417336
USER_0604,279,2026-04-01 15:17:32.417355
USER_0605,268,2026-05-06 15:17:32.417382
USER_0605,24,2026-04-12 15:17:32.417399
USER_0605,117,2026-05-31 15:17:32.417417
USER_0605,366,2026-03-30 15:17:32.417449
USER_0605,65,2026-03-30 15:17:32.417470
USER_0605,300,2026-04-07 15:17:32.417489
USER_0605,318,2026-05-04 15:17:32.417512
USER_0606,202,2026-04-26 15:17:32.417538
USER_0606,34,2026-06-01 15:17:32.417555
USER_0607,25,2026-04-28 15:17:32.417583
USER_0607,373,2026-06-06 15:17:32.417600
USER_0607,427,2026-05-06 15:17:32.417618
USER_0607,232,2026-03-24 15:17:32.417636
USER_0607,50,2026-04-16 15:17:32.417656
USER_0607,374,2026-05-08 15:17:32.417674
USER_0607,150,2026-03-26 15:17:32.417692
USER_0608,337,2026-06-01 15:17:32.417722
USER_0608,438,2026-04-05 15:17:32.417741
USER_0608,186,2026-04-21 15:17:32.417758
USER_0608,402,2026-05-18 15:17:32.417775
USER_0608,378,2026-05-23 15:17:32.417792
USER_0608,252,2026-04-29 15:17:32.417812
USER_0608,36,2026-05-02 15:17:32.417830
USER_0608,98,2026-05-25 15:17:32.417848
USER_0609,79,2026-05-11 15:17:32.417873
USER_0609,332,2026-05-13 15:17:32.417891
USER_0610,149,2026-04-27 15:17:32.417917
USER_0610,27,2026-06-04 15:17:32.417935
USER_0610,443,2026-05-16 15:17:32.417952
USER_0610,45,2026-05-06 15:17:32.417969
USER_0610,235,2026-04-09 15:17:32.417987
USER_0610,213,2026-04-26 15:17:32.418006
USER_0610,281,2026-03-27 15:17:32.418024
USER_0611,408,2026-03-27 15:17:32.418050
USER_0611,133,2026-04-16 15:17:32.418068
USER_0611,114,2026-05-28 15:17:32.418085
USER_0611,342,2026-04-17 15:17:32.418105
USER_0611,362,2026-05-08 15:17:32.418123
USER_0611,351,2026-05-28 15:17:32.418141
USER_0611,76,2026-05-21 15:17:32.418158
USER_0611,342,2026-06-02 15:17:32.418176
USER_0612,312,2026-05-30 15:17:32.418201
USER_0613,346,2026-05-28 15:17:32.418226
USER_0613,427,2026-05-06 15:17:32.418247
USER_0613,87,2026-03-30 15:17:32.418265
USER_0613,167,2026-05-04 15:17:32.418287
USER_0613,169,2026-04-30 15:17:32.418306
USER_0613,49,2026-06-13 15:17:32.418324
USER_0613,339,2026-05-03 15:17:32.418341
USER_0614,244,2026-06-11 15:17:32.418366
USER_0614,286,2026-04-24 15:17:32.418384
USER_0614,89,2026-05-30 15:17:32.418401
USER_0614,111,2026-05-11 15:17:32.418419
USER_0614,76,2026-05-06 15:17:32.418436
USER_0614,342,2026-05-02 15:17:32.418453
USER_0615,27,2026-06-03 15:17:32.418479
USER_0615,449,2026-05-10 15:17:32.418496
USER_0615,57,2026-05-26 15:17:32.418513
USER_0615,133,2026-05-10 15:17:32.418531
USER_0616,389,2026-05-13 15:17:32.418558
USER_0616,74,2026-05-06 15:17:32.418577
USER_0616,321,2026-06-06 15:17:32.418594
USER_0616,258,2026-05-11 15:17:32.418611
USER_0616,18,2026-05-27 15:17:32.418630
USER_0616,447,2026-06-02 15:17:32.418648
USER_0616,236,2026-03-24 15:17:32.418666
USER_0616,189,2026-05-16 15:17:32.418683
USER_0616,483,2026-06-19 15:17:32.418701
USER_0617,432,2026-05-06 15:17:32.418725
USER_0617,399,2026-03-23 15:17:32.418743
USER_0617,406,2026-06-01 15:17:32.418761
USER_0617,24,2026-03-29 15:17:32.418778
USER_0617,181,2026-06-04 15:17:32.418796
USER_0617,128,2026-04-08 15:17:32.418814
USER_0617,402,2026-05-09 15:17:32.418831
USER_0617,335,2026-05-17 15:17:32.418849
USER_0617,401,2026-04-26 15:17:32.418866
USER_0618,380,2026-03-23 15:17:32.418895
USER_0618,133,2026-05-06 15:17:32.418914
USER_0619,351,2026-04-11 15:17:32.418940
USER_0619,490,2026-05-03 15:17:32.418957
USER_0619,286,2026-05-12 15:17:32.418975
USER_0619,29,2026-06-10 15:17:32.418992
USER_0619,443,2026-06-02 15:17:32.419010
USER_0620,478,2026-04-08 15:17:32.419035
USER_0620,3,2026-06-05 15:17:32.419052
USER_0620,167,2026-04-18 15:17:32.419070
USER_0620,108,2026-06-11 15:17:32.419090
USER_0620,153,2026-06-11 15:17:32.419108
USER_0620,208,2026-06-16 15:17:32.419125
USER_0620,142,2026-06-04 15:17:32.419143
USER_0620,68,2026-04-29 15:17:32.419161
USER_0621,275,2026-06-15 15:17:32.419186
USER_0621,145,2026-04-02 15:17:32.419204
USER_0621,92,2026-06-18 15:17:32.419224
USER_0621,259,2026-06-07 15:17:32.419243
USER_0621,108,2026-05-09 15:17:32.419261
USER_0621,188,2026-04-07 15:17:32.419279
USER_0621,66,2026-06-12 15:17:32.419297
USER_0622,98,2026-06-09 15:17:32.419323
USER_0622,396,2026-05-09 15:17:32.419340
USER_0622,375,2026-05-15 15:17:32.419358
USER_0622,267,2026-06-07 15:17:32.419375
USER_0622,73,2026-05-14 15:17:32.419393
USER_0622,307,2026-04-08 15:17:32.419411
USER_0622,129,2026-04-10 15:17:32.419429
USER_0622,59,2026-04-25 15:17:32.419456
USER_0622,102,2026-05-28 15:17:32.419474
USER_0623,486,2026-04-17 15:17:32.419499
USER_0623,150,2026-03-27 15:17:32.419517
USER_0623,205,2026-05-22 15:17:32.419535
USER_0623,178,2026-03-22 15:17:32.419553
USER_0623,222,2026-04-12 15:17:32.419570
USER_0623,286,2026-03-23 15:17:32.419591
USER_0623,275,2026-05-01 15:17:32.419608
USER_0623,208,2026-04-26 15:17:32.419626
USER_0624,12,2026-05-26 15:17:32.419652
USER_0624,194,2026-04-11 15:17:32.419669
USER_0625,74,2026-03-30 15:17:32.419695
USER_0625,191,2026-03-28 15:17:32.419713
USER_0625,466,2026-04-12 15:17:32.419730
USER_0625,314,2026-03-26 15:17:32.419748
USER_0625,466,2026-04-21 15:17:32.419766
USER_0625,143,2026-04-19 15:17:32.419784
USER_0625,360,2026-03-24 15:17:32.419807
USER_0625,14,2026-04-13 15:17:32.419825
USER_0625,491,2026-03-23 15:17:32.419842
USER_0625,34,2026-04-26 15:17:32.419862
USER_0626,432,2026-06-06 15:17:32.419891
USER_0626,357,2026-03-29 15:17:32.419913
USER_0626,29,2026-06-13 15:17:32.419931
USER_0626,304,2026-03-29 15:17:32.419952
USER_0626,143,2026-03-23 15:17:32.419970
USER_0626,71,2026-04-30 15:17:32.419988
USER_0626,219,2026-03-30 15:17:32.420006
USER_0627,41,2026-03-29 15:17:32.420032
USER_0627,190,2026-06-03 15:17:32.420050
USER_0627,460,2026-05-06 15:17:32.420068
USER_0627,154,2026-06-13 15:17:32.420088
USER_0628,35,2026-05-17 15:17:32.420114
USER_0628,5,2026-05-26 15:17:32.420132
USER_0628,401,2026-05-27 15:17:32.420154
USER_0628,133,2026-03-25 15:17:32.420172
USER_0628,125,2026-05-22 15:17:32.420190
USER_0628,438,2026-05-26 15:17:32.420208
USER_0628,173,2026-03-31 15:17:32.420226
USER_0628,330,2026-05-27 15:17:32.420244
USER_0628,382,2026-05-25 15:17:32.420261
USER_0628,386,2026-05-23 15:17:32.420279
USER_0629,77,2026-04-20 15:17:32.420305
USER_0629,89,2026-04-30 15:17:32.420323
USER_0629,20,2026-05-03 15:17:32.420341
USER_0629,183,2026-04-27 15:17:32.420358
USER_0629,327,2026-04-22 15:17:32.420376
USER_0629,275,2026-04-30 15:17:32.420394
USER_0630,326,2026-04-22 15:17:32.420422
USER_0630,108,2026-06-11 15:17:32.420440
USER_0630,156,2026-06-19 15:17:32.420458
USER_0630,199,2026-04-18 15:17:32.420475
USER_0630,195,2026-04-25 15:17:32.420493
USER_0630,378,2026-05-16 15:17:32.420513
USER_0631,282,2026-06-13 15:17:32.420538
USER_0631,218,2026-06-19 15:17:32.420557
USER_0631,229,2026-04-01 15:17:32.420574
USER_0632,86,2026-05-07 15:17:32.420600
USER_0632,122,2026-05-10 15:17:32.420619
USER_0632,297,2026-04-06 15:17:32.420637
USER_0632,177,2026-05-18 15:17:32.420654
USER_0632,483,2026-04-18 15:17:32.420672
USER_0632,488,2026-05-14 15:17:32.420690
USER_0632,382,2026-04-22 15:17:32.420707
USER_0633,388,2026-05-03 15:17:32.420733
USER_0634,445,2026-05-04 15:17:32.420759
USER_0634,446,2026-06-06 15:17:32.420777
USER_0634,414,2026-04-20 15:17:32.420795
USER_0635,115,2026-05-27 15:17:32.420821
USER_0636,49,2026-03-30 15:17:32.420847
USER_0636,497,2026-04-03 15:17:32.420864
USER_0636,78,2026-04-02 15:17:32.420889
USER_0636,26,2026-04-11 15:17:32.420907
USER_0636,49,2026-06-05 15:17:32.420924
USER_0636,246,2026-05-15 15:17:32.420942
USER_0636,78,2026-06-12 15:17:32.420962
USER_0637,46,2026-04-19 15:17:32.420996
USER_0637,360,2026-04-04 15:17:32.421014
USER_0637,487,2026-03-24 15:17:32.421032
USER_0638,0,2026-06-07 15:17:32.421057
USER_0638,445,2026-05-17 15:17:32.421077
USER_0638,235,2026-04-02 15:17:32.421095
USER_0638,376,2026-04-03 15:17:32.421113
USER_0639,454,2026-03-30 15:17:32.421138
USER_0639,191,2026-05-20 15:17:32.421156
USER_0640,13,2026-05-13 15:17:32.421181
USER_0640,346,2026-06-12 15:17:32.421199
USER_0640,385,2026-04-27 15:17:32.421217
USER_0640,356,2026-03-31 15:17:32.421235
USER_0640,88,2026-04-03 15:17:32.421252
USER_0640,93,2026-04-25 15:17:32.421270
USER_0640,84,2026-03-28 15:17:32.421288
USER_0640,244,2026-04-20 15:17:32.421306
USER_0640,290,2026-05-29 15:17:32.421323
USER_0641,305,2026-06-04 15:17:32.421346
USER_0641,272,2026-05-08 15:17:32.421363
USER_0641,441,2026-04-01 15:17:32.421379
USER_0641,131,2026-06-18 15:17:32.421398
USER_0641,422,2026-03-27 15:17:32.421415
USER_0642,80,2026-06-14 15:17:32.421450
USER_0642,324,2026-03-23 15:17:32.421471
USER_0643,447,2026-05-31 15:17:32.421497
USER_0643,306,2026-06-04 15:17:32.421515
USER_0643,487,2026-05-14 15:17:32.421532
USER_0643,196,2026-04-08 15:17:32.421550
USER_0643,184,2026-05-09 15:17:32.421568
USER_0644,362,2026-06-11 15:17:32.421597
USER_0644,319,2026-03-26 15:17:32.421615
USER_0645,161,2026-05-29 15:17:32.421640
USER_0645,156,2026-04-26 15:17:32.421658
USER_0645,250,2026-05-13 15:17:32.421676
USER_0645,326,2026-06-02 15:17:32.421694
USER_0645,382,2026-04-16 15:17:32.421713
USER_0645,215,2026-06-19 15:17:32.421731
USER_0646,124,2026-06-16 15:17:32.421756
USER_0646,282,2026-03-30 15:17:32.421773
USER_0646,58,2026-05-08 15:17:32.421796
USER_0646,160,2026-05-19 15:17:32.421814
USER_0647,227,2026-04-26 15:17:32.421840
USER_0647,69,2026-04-21 15:17:32.421857
USER_0647,463,2026-04-19 15:17:32.421875
USER_0647,86,2026-05-17 15:17:32.421893
USER_0647,55,2026-03-24 15:17:32.421911
USER_0647,439,2026-06-07 15:17:32.421929
USER_0647,181,2026-06-02 15:17:32.421947
USER_0647,112,2026-04-04 15:17:32.421964
USER_0647,294,2026-05-08 15:17:32.421982
USER_0647,425,2026-04-20 15:17:32.422000
USER_0648,145,2026-04-02 15:17:32.422026
USER_0649,498,2026-04-27 15:17:32.422051
USER_0649,249,2026-05-21 15:17:32.422069
USER_0649,195,2026-04-23 15:17:32.422086
USER_0649,70,2026-04-14 15:17:32.422104
USER_0649,105,2026-06-02 15:17:32.422122
USER_0649,295,2026-06-13 15:17:32.422140
USER_0649,469,2026-04-11 15:17:32.422158
USER_0650,67,2026-04-16 15:17:32.422184
USER_0650,51,2026-05-02 15:17:32.422202
USER_0650,404,2026-05-22 15:17:32.422220
USER_0650,333,2026-03-22 15:17:32.422238
USER_0650,250,2026-06-11 15:17:32.422256
USER_0650,331,2026-05-04 15:17:32.422274
USER_0650,434,2026-05-09 15:17:32.422291
USER_0650,178,2026-04-25 15:17:32.422309
USER_0650,127,2026-04-11 15:17:32.422327
USER_0650,471,2026-05-31 15:17:32.422345
USER_0651,64,2026-04-09 15:17:32.422371
USER_0651,240,2026-04-27 15:17:32.422389
USER_0651,383,2026-05-27 15:17:32.422407
USER_0651,454,2026-05-04 15:17:32.422425
USER_0651,469,2026-03-29 15:17:32.422447
USER_0651,184,2026-04-18 15:17:32.422465
USER_0652,98,2026-04-21 15:17:32.422491
USER_0652,285,2026-04-19 15:17:32.422509
USER_0652,458,2026-05-29 15:17:32.422527
USER_0652,125,2026-03-28 15:17:32.422544
USER_0652,498,2026-05-22 15:17:32.422562
USER_0652,41,2026-05-10 15:17:32.422580
USER_0652,30,2026-04-16 15:17:32.422607
USER_0653,293,2026-06-03 15:17:32.422638
USER_0653,470,2026-06-06 15:17:32.422656
USER_0654,109,2026-04-02 15:17:32.422684
USER_0654,277,2026-04-25 15:17:32.422702
USER_0654,55,2026-04-14 15:17:32.422720
USER_0654,56,2026-06-01 15:17:32.422738
USER_0654,481,2026-05-07 15:17:32.422756
USER_0654,113,2026-05-16 15:17:32.422774
USER_0654,307,2026-06-19 15:17:32.422792
USER_0654,476,2026-03-27 15:17:32.422810
USER_0654,420,2026-04-11 15:17:32.422828
USER_0655,384,2026-04-30 15:17:32.422854
USER_0656,15,2026-04-28 15:17:32.422879
USER_0656,53,2026-04-20 15:17:32.422897
USER_0656,25,2026-05-11 15:17:32.422916
USER_0656,475,2026-04-01 15:17:32.422934
USER_0656,99,2026-04-16 15:17:32.422952
USER_0657,170,2026-04-17 15:17:32.422978
USER_0657,376,2026-06-03 15:17:32.422996
USER_0657,22,2026-04-22 15:17:32.423014
USER_0657,427,2026-06-13 15:17:32.423032
USER_0657,326,2026-04-28 15:17:32.423050
USER_0657,161,2026-04-02 15:17:32.423068
USER_0657,492,2026-05-05 15:17:32.423086
USER_0657,205,2026-04-13 15:17:32.423104
USER_0657,15,2026-04-03 15:17:32.423125
USER_0657,95,2026-04-10 15:17:32.423144
USER_0658,9,2026-06-18 15:17:32.423170
USER_0658,124,2026-05-01 15:17:32.423187
USER_0658,484,2026-03-31 15:17:32.423206
USER_0659,287,2026-05-29 15:17:32.423231
USER_0659,128,2026-03-28 15:17:32.423249
USER_0659,238,2026-04-27 15:17:32.423270
USER_0659,197,2026-04-23 15:17:32.423288
USER_0659,401,2026-03-29 15:17:32.423306
USER_0659,44,2026-06-14 15:17:32.423327
USER_0660,22,2026-05-28 15:17:32.423355
USER_0661,390,2026-04-04 15:17:32.423381
USER_0661,43,2026-04-02 15:17:32.423401
USER_0661,281,2026-05-24 15:17:32.423422
USER_0661,35,2026-04-02 15:17:32.423440
USER_0661,191,2026-04-26 15:17:32.423469
USER_0661,68,2026-04-24 15:17:32.423489
USER_0661,129,2026-04-20 15:17:32.423507
USER_0661,377,2026-04-26 15:17:32.423525
USER_0661,86,2026-04-01 15:17:32.423543
USER_0661,118,2026-05-13 15:17:32.423560
USER_0662,78,2026-05-16 15:17:32.423607
USER_0662,342,2026-04-14 15:17:32.423626
USER_0662,33,2026-05-22 15:17:32.423644
USER_0662,168,2026-05-10 15:17:32.423662
USER_0662,70,2026-05-28 15:17:32.423680
USER_0662,313,2026-06-17 15:17:32.423702
USER_0662,286,2026-05-19 15:17:32.423720
USER_0662,42,2026-03-30 15:17:32.423738
USER_0662,104,2026-06-13 15:17:32.423756
USER_0662,60,2026-06-19 15:17:32.423778
USER_0663,102,2026-06-14 15:17:32.423818
USER_0663,70,2026-06-10 15:17:32.423837
USER_0663,225,2026-03-22 15:17:32.423854
USER_0663,227,2026-05-21 15:17:32.423872
USER_0664,208,2026-04-21 15:17:32.423900
USER_0664,114,2026-04-07 15:17:32.423918
USER_0664,494,2026-04-18 15:17:32.423935
USER_0664,306,2026-05-09 15:17:32.423953
USER_0664,203,2026-04-17 15:17:32.423974
USER_0665,40,2026-04-01 15:17:32.424007
USER_0665,14,2026-05-19 15:17:32.424024
USER_0665,154,2026-04-19 15:17:32.424042
USER_0665,208,2026-05-23 15:17:32.424061
USER_0665,493,2026-04-17 15:17:32.424078
USER_0665,497,2026-04-22 15:17:32.424096
USER_0665,129,2026-04-23 15:17:32.424114
USER_0665,113,2026-05-15 15:17:32.424132
USER_0666,270,2026-06-07 15:17:32.424157
USER_0666,214,2026-03-23 15:17:32.424177
USER_0666,277,2026-04-21 15:17:32.424194
USER_0666,473,2026-04-18 15:17:32.424212
USER_0666,73,2026-04-06 15:17:32.424230
USER_0666,100,2026-05-26 15:17:32.424248
USER_0666,426,2026-05-03 15:17:32.424266
USER_0667,40,2026-05-13 15:17:32.424292
USER_0667,343,2026-05-06 15:17:32.424314
USER_0667,365,2026-05-11 15:17:32.424332
USER_0667,215,2026-06-03 15:17:32.424350
USER_0667,129,2026-04-24 15:17:32.424368
USER_0668,471,2026-04-19 15:17:32.424394
USER_0668,323,2026-06-11 15:17:32.424411
USER_0668,272,2026-03-31 15:17:32.424430
USER_0668,367,2026-05-01 15:17:32.424448
USER_0668,441,2026-05-11 15:17:32.424465
USER_0668,340,2026-04-06 15:17:32.424489
USER_0668,401,2026-05-30 15:17:32.424507
USER_0668,412,2026-04-26 15:17:32.424525
USER_0668,73,2026-05-27 15:17:32.424543
USER_0669,41,2026-06-02 15:17:32.424574
USER_0670,81,2026-05-06 15:17:32.424599
USER_0670,72,2026-06-03 15:17:32.424617
USER_0670,432,2026-06-06 15:17:32.424635
USER_0670,222,2026-05-22 15:17:32.424653
USER_0671,403,2026-03-30 15:17:32.424679
USER_0671,106,2026-05-04 15:17:32.424700
USER_0671,204,2026-06-11 15:17:32.424717
USER_0671,154,2026-04-02 15:17:32.424735
USER_0672,345,2026-06-01 15:17:32.424761
USER_0672,25,2026-04-29 15:17:32.424778
USER_0672,153,2026-03-23 15:17:32.424796
USER_0672,173,2026-05-25 15:17:32.424813
USER_0672,337,2026-05-02 15:17:32.424831
USER_0673,449,2026-06-17 15:17:32.424857
USER_0673,274,2026-05-09 15:17:32.424875
USER_0673,491,2026-06-03 15:17:32.424893
USER_0673,75,2026-05-18 15:17:32.424911
USER_0673,183,2026-05-02 15:17:32.424929
USER_0674,54,2026-05-02 15:17:32.424954
USER_0674,354,2026-05-25 15:17:32.424972
USER_0674,307,2026-04-09 15:17:32.424989
USER_0675,45,2026-06-13 15:17:32.425018
USER_0675,355,2026-05-05 15:17:32.425036
USER_0675,407,2026-06-04 15:17:32.425054
USER_0675,309,2026-04-20 15:17:32.425072
USER_0676,24,2026-05-02 15:17:32.425098
USER_0677,143,2026-04-01 15:17:32.425124
USER_0677,199,2026-04-23 15:17:32.425142
USER_0677,486,2026-05-22 15:17:32.425163
USER_0677,399,2026-06-14 15:17:32.425181
USER_0677,335,2026-05-31 15:17:32.425199
USER_0677,232,2026-04-10 15:17:32.425216
USER_0677,298,2026-04-03 15:17:32.425235
USER_0677,89,2026-05-25 15:17:32.425253
USER_0677,198,2026-04-03 15:17:32.425274
USER_0677,25,2026-05-18 15:17:32.425295
USER_0678,211,2026-05-06 15:17:32.425322
USER_0678,450,2026-04-18 15:17:32.425341
USER_0678,67,2026-04-29 15:17:32.425358
USER_0678,458,2026-05-25 15:17:32.425376
USER_0678,397,2026-06-18 15:17:32.425394
USER_0678,48,2026-05-21 15:17:32.425412
USER_0678,217,2026-06-08 15:17:32.425430
USER_0678,416,2026-05-07 15:17:32.425448
USER_0678,77,2026-06-07 15:17:32.425478
USER_0679,148,2026-05-25 15:17:32.425506
USER_0679,303,2026-05-23 15:17:32.425523
USER_0679,65,2026-05-11 15:17:32.425544
USER_0679,86,2026-04-08 15:17:32.425562
USER_0679,204,2026-04-02 15:17:32.425579
USER_0679,336,2026-05-28 15:17:32.425597
USER_0679,379,2026-05-03 15:17:32.425615
USER_0679,83,2026-06-18 15:17:32.425633
USER_0680,45,2026-04-22 15:17:32.425659
USER_0680,182,2026-06-17 15:17:32.425676
USER_0680,295,2026-06-08 15:17:32.425694
USER_0680,99,2026-04-15 15:17:32.425729
USER_0681,43,2026-05-17 15:17:32.425757
USER_0681,460,2026-06-14 15:17:32.425776
USER_0681,355,2026-04-17 15:17:32.425794
USER_0682,11,2026-06-02 15:17:32.425820
USER_0682,122,2026-04-29 15:17:32.425837
USER_0682,487,2026-04-30 15:17:32.425855
USER_0682,479,2026-04-10 15:17:32.425873
USER_0682,18,2026-05-03 15:17:32.425891
USER_0682,83,2026-06-14 15:17:32.425909
USER_0683,134,2026-05-03 15:17:32.425934
USER_0683,68,2026-04-22 15:17:32.425957
USER_0683,142,2026-06-09 15:17:32.425977
USER_0683,386,2026-04-17 15:17:32.425995
USER_0683,22,2026-04-12 15:17:32.426017
USER_0684,8,2026-05-14 15:17:32.426043
USER_0684,386,2026-06-05 15:17:32.426061
USER_0684,16,2026-04-11 15:17:32.426079
USER_0684,404,2026-05-25 15:17:32.426097
USER_0684,148,2026-04-09 15:17:32.426114
USER_0685,421,2026-06-09 15:17:32.426140
USER_0685,105,2026-04-09 15:17:32.426157
USER_0685,380,2026-03-24 15:17:32.426179
USER_0685,118,2026-05-16 15:17:32.426199
USER_0685,13,2026-06-06 15:17:32.426224
USER_0685,139,2026-06-10 15:17:32.426248
USER_0685,363,2026-05-13 15:17:32.426269
USER_0685,168,2026-05-17 15:17:32.426287
USER_0685,121,2026-06-10 15:17:32.426313
USER_0686,450,2026-06-03 15:17:32.426340
USER_0687,267,2026-06-19 15:17:32.426366
USER_0687,425,2026-06-16 15:17:32.426384
USER_0687,353,2026-06-07 15:17:32.426402
USER_0688,213,2026-03-27 15:17:32.426427
USER_0688,337,2026-06-16 15:17:32.426445
USER_0688,18,2026-04-12 15:17:32.426463
USER_0688,11,2026-06-18 15:17:32.426481
USER_0688,329,2026-03-31 15:17:32.426499
USER_0688,391,2026-06-14 15:17:32.426517
USER_0688,266,2026-04-30 15:17:32.426535
USER_0688,440,2026-04-18 15:17:32.426553
USER_0688,328,2026-06-08 15:17:32.426574
USER_0688,7,2026-06-18 15:17:32.426594
USER_0689,123,2026-06-09 15:17:32.426620
USER_0689,227,2026-04-28 15:17:32.426637
USER_0689,468,2026-06-10 15:17:32.426655
USER_0689,111,2026-03-28 15:17:32.426673
USER_0689,291,2026-06-12 15:17:32.426691
USER_0689,252,2026-04-05 15:17:32.426709
USER_0689,239,2026-06-06 15:17:32.426727
USER_0689,241,2026-04-27 15:17:32.426744
USER_0689,341,2026-03-27 15:17:32.426768
USER_0689,235,2026-05-30 15:17:32.426786
USER_0690,19,2026-05-12 15:17:32.426817
USER_0690,342,2026-03-24 15:17:32.426835
USER_0691,128,2026-06-11 15:17:32.426918
USER_0691,421,2026-05-25 15:17:32.426937
USER_0691,245,2026-05-13 15:17:32.426955
USER_0691,43,2026-04-20 15:17:32.426973
USER_0691,43,2026-03-26 15:17:32.426991
USER_0691,374,2026-04-07 15:17:32.427009
USER_0691,377,2026-04-19 15:17:32.427027
USER_0692,50,2026-06-03 15:17:32.427053
USER_0692,407,2026-05-13 15:17:32.427071
USER_0692,265,2026-04-30 15:17:32.427089
USER_0692,404,2026-04-09 15:17:32.427106
USER_0692,340,2026-04-11 15:17:32.427124
USER_0692,381,2026-04-24 15:17:32.427142
USER_0693,288,2026-03-24 15:17:32.427168
USER_0693,17,2026-04-22 15:17:32.427185
USER_0693,219,2026-04-25 15:17:32.427203
USER_0693,243,2026-04-24 15:17:32.427221
USER_0693,303,2026-04-05 15:17:32.427239
USER_0693,282,2026-05-09 15:17:32.427257
USER_0693,109,2026-04-07 15:17:32.427275
USER_0694,425,2026-04-29 15:17:32.427301
USER_0694,233,2026-05-19 15:17:32.427318
USER_0694,24,2026-05-25 15:17:32.427336
USER_0694,278,2026-04-06 15:17:32.427354
USER_0694,179,2026-04-24 15:17:32.427372
USER_0694,476,2026-03-25 15:17:32.427389
USER_0694,63,2026-05-20 15:17:32.427408
USER_0694,231,2026-04-10 15:17:32.427426
USER_0694,212,2026-05-18 15:17:32.427446
USER_0695,174,2026-06-02 15:17:32.427481
USER_0695,228,2026-05-18 15:17:32.427499
USER_0696,290,2026-03-28 15:17:32.427524
USER_0696,369,2026-04-30 15:17:32.427542
USER_0697,109,2026-06-02 15:17:32.427567
USER_0697,71,2026-03-24 15:17:32.427585
USER_0697,171,2026-05-21 15:17:32.427603
USER_0697,393,2026-04-28 15:17:32.427621
USER_0697,435,2026-03-25 15:17:32.427639
USER_0697,138,2026-05-02 15:17:32.427657
USER_0698,217,2026-04-23 15:17:32.427682
USER_0698,160,2026-05-15 15:17:32.427700
USER_0699,323,2026-03-23 15:17:32.427728
USER_0699,402,2026-05-09 15:17:32.427746
USER_0699,228,2026-03-30 15:17:32.427764
USER_0699,441,2026-06-01 15:17:32.427782
USER_0699,250,2026-05-28 15:17:32.427800
USER_0699,207,2026-04-27 15:17:32.427818
USER_0699,139,2026-04-16 15:17:32.427836
USER_0699,33,2026-05-27 15:17:32.427853
USER_0700,17,2026-06-12 15:17:32.427879
USER_0700,111,2026-04-24 15:17:32.427901
USER_0700,409,2026-06-15 15:17:32.427919
USER_0700,181,2026-05-21 15:17:32.427937
USER_0700,338,2026-06-07 15:17:32.427955
USER_0701,103,2026-03-22 15:17:32.427980
USER_0701,249,2026-04-23 15:17:32.427998
USER_0701,385,2026-04-05 15:17:32.428016
USER_0702,484,2026-04-04 15:17:32.428041
USER_0702,459,2026-03-26 15:17:32.428059
USER_0703,281,2026-06-13 15:17:32.428092
USER_0703,87,2026-03-22 15:17:32.428113
USER_0704,253,2026-05-11 15:17:32.428139
USER_0704,328,2026-04-21 15:17:32.428157
USER_0704,270,2026-05-19 15:17:32.428175
USER_0704,4,2026-06-07 15:17:32.428193
USER_0704,329,2026-04-06 15:17:32.428210
USER_0704,332,2026-04-29 15:17:32.428231
USER_0704,180,2026-05-10 15:17:32.428248
USER_0705,361,2026-06-05 15:17:32.428279
USER_0705,39,2026-06-13 15:17:32.428297
USER_0706,239,2026-06-05 15:17:32.428322
USER_0706,197,2026-03-27 15:17:32.428340
USER_0706,387,2026-04-16 15:17:32.428358
USER_0707,420,2026-04-20 15:17:32.428384
USER_0707,220,2026-05-28 15:17:32.428401
USER_0707,495,2026-03-27 15:17:32.428418
USER_0707,460,2026-05-11 15:17:32.428436
USER_0707,122,2026-05-28 15:17:32.428454
USER_0707,477,2026-06-04 15:17:32.428472
USER_0707,254,2026-04-20 15:17:32.428489
USER_0707,103,2026-04-13 15:17:32.428511
USER_0707,158,2026-04-01 15:17:32.428528
USER_0707,361,2026-04-28 15:17:32.428546
USER_0708,395,2026-05-07 15:17:32.428571
USER_0708,356,2026-03-22 15:17:32.428589
USER_0708,11,2026-06-11 15:17:32.428607
USER_0708,437,2026-04-12 15:17:32.428625
USER_0708,283,2026-04-27 15:17:32.428643
USER_0708,98,2026-04-25 15:17:32.428661
USER_0708,481,2026-04-12 15:17:32.428678
USER_0708,102,2026-04-04 15:17:32.428696
USER_0708,77,2026-04-23 15:17:32.428717
USER_0709,323,2026-05-13 15:17:32.428742
USER_0709,32,2026-04-28 15:17:32.428760
USER_0709,55,2026-04-10 15:17:32.428778
USER_0709,100,2026-04-09 15:17:32.428796
USER_0709,73,2026-04-30 15:17:32.428814
USER_0709,376,2026-05-08 15:17:32.428832
USER_0709,165,2026-06-05 15:17:32.428849
USER_0709,260,2026-06-05 15:17:32.428867
USER_0709,181,2026-03-29 15:17:32.428887
USER_0709,9,2026-04-30 15:17:32.428905
USER_0710,350,2026-06-16 15:17:32.428931
USER_0710,335,2026-06-02 15:17:32.428949
USER_0710,280,2026-05-15 15:17:32.428967
USER_0710,459,2026-03-25 15:17:32.428987
USER_0710,100,2026-05-15 15:17:32.429005
USER_0710,8,2026-04-14 15:17:32.429023
USER_0711,426,2026-06-02 15:17:32.429049
USER_0711,62,2026-05-16 15:17:32.429067
USER_0711,259,2026-04-03 15:17:32.429085
USER_0711,254,2026-05-10 15:17:32.429103
USER_0711,433,2026-05-06 15:17:32.429120
USER_0712,75,2026-04-01 15:17:32.429146
USER_0712,353,2026-04-12 15:17:32.429168
USER_0712,166,2026-06-19 15:17:32.429186
USER_0712,272,2026-03-22 15:17:32.429204
USER_0712,418,2026-03-24 15:17:32.429223
USER_0712,169,2026-05-05 15:17:32.429243
USER_0712,89,2026-05-12 15:17:32.429261
USER_0712,445,2026-05-02 15:17:32.429279
USER_0712,406,2026-05-13 15:17:32.429297
USER_0712,131,2026-05-29 15:17:32.429315
USER_0713,456,2026-04-22 15:17:32.429341
USER_0714,214,2026-04-10 15:17:32.429367
USER_0714,48,2026-06-18 15:17:32.429388
USER_0714,231,2026-03-24 15:17:32.429407
USER_0714,366,2026-05-20 15:17:32.429425
USER_0715,50,2026-05-03 15:17:32.429450
USER_0715,97,2026-05-08 15:17:32.429477
USER_0715,215,2026-04-26 15:17:32.429495
USER_0715,379,2026-05-02 15:17:32.429513
USER_0715,79,2026-03-22 15:17:32.429531
USER_0715,366,2026-04-24 15:17:32.429549
USER_0715,398,2026-04-04 15:17:32.429567
USER_0715,451,2026-05-24 15:17:32.429584
USER_0716,213,2026-04-14 15:17:32.429610
USER_0716,113,2026-03-26 15:17:32.429628
USER_0716,75,2026-05-02 15:17:32.429646
USER_0716,468,2026-04-26 15:17:32.429662
USER_0717,350,2026-04-13 15:17:32.429688
USER_0717,414,2026-05-07 15:17:32.429706
USER_0717,342,2026-04-23 15:17:32.429726
USER_0717,83,2026-04-28 15:17:32.429744
USER_0717,150,2026-04-02 15:17:32.429762
USER_0717,15,2026-05-23 15:17:32.429780
USER_0717,404,2026-05-14 15:17:32.429797
USER_0717,144,2026-04-02 15:17:32.429820
USER_0718,332,2026-05-14 15:17:32.429845
USER_0718,413,2026-06-01 15:17:32.429864
USER_0719,61,2026-04-03 15:17:32.429891
USER_0719,355,2026-05-15 15:17:32.429909
USER_0720,18,2026-04-29 15:17:32.429935
USER_0720,6,2026-05-07 15:17:32.429953
USER_0720,116,2026-05-07 15:17:32.429970
USER_0720,33,2026-04-13 15:17:32.429988
USER_0721,54,2026-04-12 15:17:32.430013
USER_0721,479,2026-06-10 15:17:32.430031
USER_0722,460,2026-05-10 15:17:32.430057
USER_0722,377,2026-04-12 15:17:32.430075
USER_0722,9,2026-06-10 15:17:32.430093
USER_0722,127,2026-04-21 15:17:32.430110
USER_0722,404,2026-04-30 15:17:32.430128
USER_0722,192,2026-06-12 15:17:32.430146
USER_0722,84,2026-04-03 15:17:32.430164
USER_0722,212,2026-05-21 15:17:32.430185
USER_0722,264,2026-05-02 15:17:32.430203
USER_0722,68,2026-06-03 15:17:32.430221
USER_0723,61,2026-04-24 15:17:32.430247
USER_0723,444,2026-04-29 15:17:32.430264
USER_0723,165,2026-05-11 15:17:32.430282
USER_0723,62,2026-05-08 15:17:32.430300
USER_0723,483,2026-06-01 15:17:32.430318
USER_0723,160,2026-05-01 15:17:32.430336
USER_0723,333,2026-06-07 15:17:32.430356
USER_0723,220,2026-04-19 15:17:32.430374
USER_0723,432,2026-05-08 15:17:32.430394
USER_0723,377,2026-05-15 15:17:32.430415
USER_0724,312,2026-06-14 15:17:32.430444
USER_0724,70,2026-06-19 15:17:32.430462
USER_0724,218,2026-04-23 15:17:32.430479
USER_0724,91,2026-05-30 15:17:32.430497
USER_0724,311,2026-04-01 15:17:32.430515
USER_0724,371,2026-03-25 15:17:32.430533
USER_0724,485,2026-05-31 15:17:32.430550
USER_0724,24,2026-04-27 15:17:32.430568
USER_0724,4,2026-05-23 15:17:32.430585
USER_0724,17,2026-05-30 15:17:32.430603
USER_0725,92,2026-04-24 15:17:32.430631
USER_0725,383,2026-06-01 15:17:32.430651
USER_0725,236,2026-04-16 15:17:32.430669
USER_0725,425,2026-06-17 15:17:32.430686
USER_0725,226,2026-05-30 15:17:32.430704
USER_0725,322,2026-05-11 15:17:32.430722
USER_0726,467,2026-04-26 15:17:32.430747
USER_0726,171,2026-04-29 15:17:32.430765
USER_0726,183,2026-03-27 15:17:32.430783
USER_0726,367,2026-04-26 15:17:32.430801
USER_0726,197,2026-03-25 15:17:32.430818
USER_0726,496,2026-04-04 15:17:32.430836
USER_0726,200,2026-03-25 15:17:32.430856
USER_0726,321,2026-03-31 15:17:32.430874
USER_0726,210,2026-06-01 15:17:32.430892
USER_0727,117,2026-06-13 15:17:32.430917
USER_0727,41,2026-04-18 15:17:32.430935
USER_0727,314,2026-05-09 15:17:32.430952
USER_0727,328,2026-05-31 15:17:32.430970
USER_0727,282,2026-06-03 15:17:32.430988
USER_0727,257,2026-05-04 15:17:32.431006
USER_0727,61,2026-04-18 15:17:32.431027
USER_0727,16,2026-06-01 15:17:32.431045
USER_0728,465,2026-05-12 15:17:32.431073
USER_0728,80,2026-04-10 15:17:32.431090
USER_0728,35,2026-05-12 15:17:32.431110
USER_0728,428,2026-05-11 15:17:32.431128
USER_0728,485,2026-06-16 15:17:32.431146
USER_0729,157,2026-04-12 15:17:32.431171
USER_0729,195,2026-04-05 15:17:32.431194
USER_0729,284,2026-03-24 15:17:32.431211
USER_0729,195,2026-04-08 15:17:32.431229
USER_0729,151,2026-04-30 15:17:32.431247
USER_0729,324,2026-06-06 15:17:32.431267
USER_0729,425,2026-06-02 15:17:32.431287
USER_0729,210,2026-04-24 15:17:32.431305
USER_0729,209,2026-06-08 15:17:32.431323
USER_0730,343,2026-05-21 15:17:32.431349
USER_0731,208,2026-05-28 15:17:32.431379
USER_0731,334,2026-06-19 15:17:32.431400
USER_0731,251,2026-05-19 15:17:32.431420
USER_0732,411,2026-06-05 15:17:32.431446
USER_0732,187,2026-05-27 15:17:32.431464
USER_0732,213,2026-05-16 15:17:32.431490
USER_0732,210,2026-05-24 15:17:32.431509
USER_0732,147,2026-04-05 15:17:32.431531
USER_0732,212,2026-04-16 15:17:32.431549
USER_0732,108,2026-05-02 15:17:32.431566
USER_0732,9,2026-06-19 15:17:32.431584
USER_0732,378,2026-05-04 15:17:32.431609
USER_0733,145,2026-03-26 15:17:32.431635
USER_0733,415,2026-05-05 15:17:32.431653
USER_0733,219,2026-05-24 15:17:32.431673
USER_0733,166,2026-06-02 15:17:32.431693
USER_0733,476,2026-05-02 15:17:32.431711
USER_0733,427,2026-03-30 15:17:32.431729
USER_0733,309,2026-04-09 15:17:32.431747
USER_0734,419,2026-04-10 15:17:32.431774
USER_0734,37,2026-06-02 15:17:32.431792
USER_0735,493,2026-04-08 15:17:32.431819
USER_0735,254,2026-04-09 15:17:32.431837
USER_0735,34,2026-04-30 15:17:32.431855
USER_0735,388,2026-03-30 15:17:32.431876
USER_0735,219,2026-06-06 15:17:32.431894
USER_0735,3,2026-05-21 15:17:32.431912
USER_0735,467,2026-05-12 15:17:32.431929
USER_0735,408,2026-04-17 15:17:32.431947
USER_0735,203,2026-05-23 15:17:32.431965
USER_0736,149,2026-04-03 15:17:32.431991
USER_0736,278,2026-05-20 15:17:32.432020
USER_0737,310,2026-05-13 15:17:32.432051
USER_0737,462,2026-04-13 15:17:32.432069
USER_0737,216,2026-03-24 15:17:32.432087
USER_0737,134,2026-06-19 15:17:32.432108
USER_0738,105,2026-06-08 15:17:32.432134
USER_0738,107,2026-06-15 15:17:32.432152
USER_0738,297,2026-05-01 15:17:32.432169
USER_0738,358,2026-06-08 15:17:32.432187
USER_0738,449,2026-06-02 15:17:32.432205
USER_0738,462,2026-04-07 15:17:32.432223
USER_0738,195,2026-06-03 15:17:32.432241
USER_0738,317,2026-04-10 15:17:32.432261
USER_0738,478,2026-05-10 15:17:32.432279
USER_0739,197,2026-05-17 15:17:32.432304
USER_0739,313,2026-05-06 15:17:32.432324
USER_0739,381,2026-04-30 15:17:32.432342
USER_0740,270,2026-05-07 15:17:32.432368
USER_0740,325,2026-04-03 15:17:32.432386
USER_0741,450,2026-05-19 15:17:32.432412
USER_0741,213,2026-06-17 15:17:32.432429
USER_0742,50,2026-04-07 15:17:32.432455
USER_0742,331,2026-04-14 15:17:32.432472
USER_0742,144,2026-05-03 15:17:32.432490
USER_0742,268,2026-06-13 15:17:32.432508
USER_0742,3,2026-04-15 15:17:32.432526
USER_0742,230,2026-06-10 15:17:32.432543
USER_0743,51,2026-06-03 15:17:32.432569
USER_0743,210,2026-06-14 15:17:32.432587
USER_0743,479,2026-04-12 15:17:32.432607
USER_0743,392,2026-04-07 15:17:32.432625
USER_0743,210,2026-04-04 15:17:32.432646
USER_0743,23,2026-05-30 15:17:32.432666
USER_0743,151,2026-06-16 15:17:32.432684
USER_0743,482,2026-04-22 15:17:32.432704
USER_0744,356,2026-04-13 15:17:32.432739
USER_0744,175,2026-05-11 15:17:32.432764
USER_0744,290,2026-04-27 15:17:32.432781
USER_0745,295,2026-03-23 15:17:32.432807
USER_0745,323,2026-04-04 15:17:32.432825
USER_0745,333,2026-05-05 15:17:32.432843
USER_0745,154,2026-06-07 15:17:32.432861
USER_0745,272,2026-06-14 15:17:32.432879
USER_0745,231,2026-05-15 15:17:32.432897
USER_0745,488,2026-03-31 15:17:32.432915
USER_0745,248,2026-06-18 15:17:32.432933
USER_0746,307,2026-04-15 15:17:32.432963
USER_0746,473,2026-05-08 15:17:32.432980
USER_0746,366,2026-05-29 15:17:32.433001
USER_0746,322,2026-04-26 15:17:32.433020
USER_0747,441,2026-04-21 15:17:32.433045
USER_0747,215,2026-06-08 15:17:32.433062
USER_0747,83,2026-04-12 15:17:32.433079
USER_0748,12,2026-05-12 15:17:32.433112
USER_0748,312,2026-05-10 15:17:32.433131
USER_0748,492,2026-04-28 15:17:32.433150
USER_0748,12,2026-06-08 15:17:32.433169
USER_0748,352,2026-04-07 15:17:32.433187
USER_0748,39,2026-04-24 15:17:32.433204
USER_0748,127,2026-04-01 15:17:32.433221
USER_0749,375,2026-06-17 15:17:32.433245
USER_0749,217,2026-06-15 15:17:32.433266
USER_0749,381,2026-06-09 15:17:32.433283
USER_0750,393,2026-04-25 15:17:32.433307
USER_0750,66,2026-05-17 15:17:32.433324
USER_0750,30,2026-04-09 15:17:32.433342
USER_0750,236,2026-04-06 15:17:32.433358
USER_0750,492,2026-04-10 15:17:32.433376
USER_0750,69,2026-04-15 15:17:32.433393
USER_0750,446,2026-05-10 15:17:32.433410
USER_0751,225,2026-04-24 15:17:32.433436
USER_0751,463,2026-05-01 15:17:32.433453
USER_0751,395,2026-05-26 15:17:32.433480
USER_0751,38,2026-04-10 15:17:32.433497
USER_0752,394,2026-05-06 15:17:32.433521
USER_0753,90,2026-05-28 15:17:32.433546
USER_0753,165,2026-04-11 15:17:32.433563
USER_0753,213,2026-06-18 15:17:32.433580
USER_0753,88,2026-03-28 15:17:32.433597
USER_0753,251,2026-04-02 15:17:32.433618
USER_0753,164,2026-04-09 15:17:32.433635
USER_0754,288,2026-04-29 15:17:32.433659
USER_0755,486,2026-06-15 15:17:32.433684
USER_0755,165,2026-06-02 15:17:32.433702
USER_0755,477,2026-05-14 15:17:32.433719
USER_0755,137,2026-04-17 15:17:32.433738
USER_0755,169,2026-04-02 15:17:32.433756
USER_0755,299,2026-05-03 15:17:32.433773
USER_0756,224,2026-03-25 15:17:32.433798
USER_0756,309,2026-06-04 15:17:32.433815
USER_0757,97,2026-05-16 15:17:32.433840
USER_0757,1,2026-05-23 15:17:32.433857
USER_0757,168,2026-06-07 15:17:32.433874
USER_0757,314,2026-04-01 15:17:32.433892
USER_0757,374,2026-04-12 15:17:32.433909
USER_0757,230,2026-04-28 15:17:32.433926
USER_0758,188,2026-05-27 15:17:32.433951
USER_0758,492,2026-04-23 15:17:32.433968
USER_0758,409,2026-05-24 15:17:32.433987
USER_0758,425,2026-06-13 15:17:32.434006
USER_0759,37,2026-04-22 15:17:32.434031
USER_0759,470,2026-04-12 15:17:32.434048
USER_0759,398,2026-04-28 15:17:32.434065
USER_0759,47,2026-05-25 15:17:32.434082
USER_0759,392,2026-06-01 15:17:32.434100
USER_0760,38,2026-04-30 15:17:32.434124
USER_0760,381,2026-06-16 15:17:32.434142
USER_0760,63,2026-06-17 15:17:32.434159
USER_0760,371,2026-05-22 15:17:32.434176
USER_0760,96,2026-06-09 15:17:32.434193
USER_0760,202,2026-04-23 15:17:32.434213
USER_0761,38,2026-05-30 15:17:32.434238
USER_0762,65,2026-05-05 15:17:32.434266
USER_0762,458,2026-05-15 15:17:32.434283
USER_0762,122,2026-03-30 15:17:32.434300
USER_0762,446,2026-04-16 15:17:32.434317
USER_0762,158,2026-05-16 15:17:32.434335
USER_0762,102,2026-05-23 15:17:32.434352
USER_0763,42,2026-05-26 15:17:32.434377
USER_0764,450,2026-03-28 15:17:32.434402
USER_0764,50,2026-04-18 15:17:32.434419
USER_0764,209,2026-06-18 15:17:32.434436
USER_0764,457,2026-04-17 15:17:32.434453
USER_0764,264,2026-04-12 15:17:32.434470
USER_0764,417,2026-06-18 15:17:32.434488
USER_0765,414,2026-04-20 15:17:32.434512
USER_0765,113,2026-06-10 15:17:32.434529
USER_0765,163,2026-04-05 15:17:32.434546
USER_0765,48,2026-03-27 15:17:32.434563
USER_0765,495,2026-04-11 15:17:32.434580
USER_0765,386,2026-05-02 15:17:32.434597
USER_0766,493,2026-06-15 15:17:32.434622
USER_0766,188,2026-03-22 15:17:32.434639
USER_0766,492,2026-03-27 15:17:32.434656
USER_0766,229,2026-03-22 15:17:32.434673
USER_0766,71,2026-05-25 15:17:32.434690
USER_0766,253,2026-06-15 15:17:32.434708
USER_0766,122,2026-06-05 15:17:32.434725
USER_0766,256,2026-06-04 15:17:32.434742
USER_0766,420,2026-06-04 15:17:32.434759
USER_0766,435,2026-06-17 15:17:32.434776
USER_0767,310,2026-04-01 15:17:32.434801
USER_0767,321,2026-05-30 15:17:32.434818
USER_0767,154,2026-04-27 15:17:32.434835
USER_0767,89,2026-05-13 15:17:32.434852
USER_0767,317,2026-04-23 15:17:32.434870
USER_0767,216,2026-05-05 15:17:32.434887
USER_0767,455,2026-06-09 15:17:32.434905
USER_0767,96,2026-06-12 15:17:32.434923
USER_0768,319,2026-04-10 15:17:32.434949
USER_0768,199,2026-05-30 15:17:32.434970
USER_0768,340,2026-04-18 15:17:32.434992
USER_0768,247,2026-04-17 15:17:32.435014
USER_0768,263,2026-05-31 15:17:32.435033
USER_0769,30,2026-05-05 15:17:32.435058
USER_0769,270,2026-06-11 15:17:32.435075
USER_0769,393,2026-05-25 15:17:32.435093
USER_0769,79,2026-05-22 15:17:32.435110
USER_0769,83,2026-05-15 15:17:32.435127
USER_0769,341,2026-05-14 15:17:32.435144
USER_0769,406,2026-04-10 15:17:32.435162
USER_0769,231,2026-05-10 15:17:32.435179
USER_0769,101,2026-04-01 15:17:32.435196
USER_0769,431,2026-05-23 15:17:32.435214
USER_0770,13,2026-05-20 15:17:32.435239
USER_0770,248,2026-04-08 15:17:32.435256
USER_0770,460,2026-03-24 15:17:32.435273
USER_0770,28,2026-03-22 15:17:32.435290
USER_0770,304,2026-04-30 15:17:32.435308
USER_0770,475,2026-05-08 15:17:32.435325
USER_0771,220,2026-03-25 15:17:32.435349
USER_0771,41,2026-06-15 15:17:32.435367
USER_0771,41,2026-06-13 15:17:32.435386
USER_0771,360,2026-05-15 15:17:32.435404
USER_0771,57,2026-05-24 15:17:32.435422
USER_0771,321,2026-05-05 15:17:32.435439
USER_0771,72,2026-05-26 15:17:32.435460
USER_0771,128,2026-05-24 15:17:32.435486
USER_0772,425,2026-04-07 15:17:32.435510
USER_0772,152,2026-04-29 15:17:32.435528
USER_0772,124,2026-04-27 15:17:32.435549
USER_0772,5,2026-04-14 15:17:32.435567
USER_0772,325,2026-04-23 15:17:32.435584
USER_0772,65,2026-04-28 15:17:32.435600
USER_0772,81,2026-04-23 15:17:32.435618
USER_0773,203,2026-06-18 15:17:32.435642
USER_0773,292,2026-05-29 15:17:32.435659
USER_0773,102,2026-05-31 15:17:32.435677
USER_0773,367,2026-05-27 15:17:32.435694
USER_0773,64,2026-03-28 15:17:32.435711
USER_0773,208,2026-04-16 15:17:32.435728
USER_0773,116,2026-06-19 15:17:32.435746
USER_0774,45,2026-06-17 15:17:32.435770
USER_0774,330,2026-04-26 15:17:32.435787
USER_0774,469,2026-03-24 15:17:32.435805
USER_0774,491,2026-04-17 15:17:32.435822
USER_0775,448,2026-04-04 15:17:32.435847
USER_0775,457,2026-05-27 15:17:32.435864
USER_0775,23,2026-05-16 15:17:32.435884
USER_0775,483,2026-05-23 15:17:32.435901
USER_0775,487,2026-04-01 15:17:32.435918
USER_0775,58,2026-06-04 15:17:32.435935
USER_0775,242,2026-03-31 15:17:32.435952
USER_0775,206,2026-04-27 15:17:32.435971
USER_0775,270,2026-06-04 15:17:32.435989
USER_0775,192,2026-06-09 15:17:32.436006
USER_0776,298,2026-04-13 15:17:32.436031
USER_0776,482,2026-04-12 15:17:32.436047
USER_0776,393,2026-06-07 15:17:32.436065
USER_0776,465,2026-04-06 15:17:32.436082
USER_0776,489,2026-05-10 15:17:32.436099
USER_0776,214,2026-05-01 15:17:32.436116
USER_0776,314,2026-04-10 15:17:32.436134
USER_0776,258,2026-05-12 15:17:32.436151
USER_0776,6,2026-04-05 15:17:32.436168
USER_0776,25,2026-05-02 15:17:32.436185
USER_0777,78,2026-05-03 15:17:32.436209
USER_0778,415,2026-04-10 15:17:32.436234
USER_0778,275,2026-06-16 15:17:32.436251
USER_0779,287,2026-05-15 15:17:32.436276
USER_0779,332,2026-05-23 15:17:32.436293
USER_0780,55,2026-04-21 15:17:32.436318
USER_0781,309,2026-05-21 15:17:32.436342
USER_0781,438,2026-05-15 15:17:32.436359
USER_0781,79,2026-03-23 15:17:32.436376
USER_0782,64,2026-03-29 15:17:32.436401
USER_0782,127,2026-04-12 15:17:32.436418
USER_0782,21,2026-04-30 15:17:32.436437
USER_0782,106,2026-03-24 15:17:32.436454
USER_0782,355,2026-04-28 15:17:32.436471
USER_0782,67,2026-05-15 15:17:32.436489
USER_0782,179,2026-05-15 15:17:32.436506
USER_0782,465,2026-04-28 15:17:32.436523
USER_0782,463,2026-05-01 15:17:32.436540
USER_0782,401,2026-05-10 15:17:32.436559
USER_0783,20,2026-04-15 15:17:32.436583
USER_0783,102,2026-05-07 15:17:32.436604
USER_0783,38,2026-05-04 15:17:32.436621
USER_0783,309,2026-05-22 15:17:32.436638
USER_0783,84,2026-03-22 15:17:32.436659
USER_0783,335,2026-06-03 15:17:32.436676
USER_0784,478,2026-04-08 15:17:32.436701
USER_0784,48,2026-04-03 15:17:32.436718
USER_0784,243,2026-06-18 15:17:32.436736
USER_0785,358,2026-04-23 15:17:32.436760
USER_0786,467,2026-04-30 15:17:32.436787
USER_0786,242,2026-06-18 15:17:32.436804
USER_0786,210,2026-05-10 15:17:32.436821
USER_0786,143,2026-03-30 15:17:32.436840
USER_0786,139,2026-06-16 15:17:32.436857
USER_0786,390,2026-05-22 15:17:32.436874
USER_0786,246,2026-06-06 15:17:32.436892
USER_0786,354,2026-06-08 15:17:32.436909
USER_0786,336,2026-06-15 15:17:32.436926
USER_0786,73,2026-05-19 15:17:32.436943
USER_0787,300,2026-04-12 15:17:32.436968
USER_0788,432,2026-06-11 15:17:32.436992
USER_0788,483,2026-05-18 15:17:32.437009
USER_0788,8,2026-06-02 15:17:32.437027
USER_0788,184,2026-04-19 15:17:32.437043
USER_0788,380,2026-05-22 15:17:32.437060
USER_0788,408,2026-04-03 15:17:32.437078
USER_0788,389,2026-06-05 15:17:32.437095
USER_0788,156,2026-05-09 15:17:32.437112
USER_0788,348,2026-04-02 15:17:32.437129
USER_0788,81,2026-06-16 15:17:32.437146
USER_0789,432,2026-04-24 15:17:32.437170
USER_0789,230,2026-05-07 15:17:32.437187
USER_0790,361,2026-04-19 15:17:32.437216
USER_0790,101,2026-04-17 15:17:32.437233
USER_0790,361,2026-05-06 15:17:32.437250
USER_0791,254,2026-04-23 15:17:32.437277
USER_0791,57,2026-05-31 15:17:32.437294
USER_0792,485,2026-04-24 15:17:32.437318
USER_0792,195,2026-04-04 15:17:32.437336
USER_0792,352,2026-04-03 15:17:32.437353
USER_0792,292,2026-04-29 15:17:32.437370
USER_0792,299,2026-06-12 15:17:32.437387
USER_0792,373,2026-06-15 15:17:32.437405
USER_0792,414,2026-04-12 15:17:32.437422
USER_0792,136,2026-05-06 15:17:32.437439
USER_0792,288,2026-05-19 15:17:32.437459
USER_0793,113,2026-05-21 15:17:32.437492
USER_0793,28,2026-04-05 15:17:32.437509
USER_0793,473,2026-06-17 15:17:32.437526
USER_0794,392,2026-05-21 15:17:32.437551
USER_0794,385,2026-05-25 15:17:32.437568
USER_0794,2,2026-04-19 15:17:32.437585
USER_0794,67,2026-05-05 15:17:32.437601
USER_0794,178,2026-05-26 15:17:32.437618
USER_0794,230,2026-06-07 15:17:32.437633
USER_0794,162,2026-05-07 15:17:32.437644
USER_0794,470,2026-04-26 15:17:32.437653
USER_0794,129,2026-06-11 15:17:32.437662
USER_0795,171,2026-05-10 15:17:32.437675
USER_0795,30,2026-04-17 15:17:32.437684
USER_0795,129,2026-05-04 15:17:32.437692
USER_0795,332,2026-03-30 15:17:32.437701
USER_0795,57,2026-04-12 15:17:32.437710
USER_0795,329,2026-05-07 15:17:32.437719
USER_0796,382,2026-05-08 15:17:32.437732
USER_0796,161,2026-03-23 15:17:32.437741
USER_0796,70,2026-05-21 15:17:32.437750
USER_0796,373,2026-04-11 15:17:32.437762
USER_0796,322,2026-04-26 15:17:32.437773
USER_0796,2,2026-06-07 15:17:32.437782
USER_0796,312,2026-05-25 15:17:32.437791
USER_0796,52,2026-05-27 15:17:32.437800
USER_0797,187,2026-05-08 15:17:32.437813
USER_0797,304,2026-04-23 15:17:32.437822
USER_0797,203,2026-05-09 15:17:32.437831
USER_0797,10,2026-04-15 15:17:32.437840
USER_0797,145,2026-03-22 15:17:32.437849
USER_0797,99,2026-03-27 15:17:32.437858
USER_0798,45,2026-04-29 15:17:32.437871
USER_0798,277,2026-05-07 15:17:32.437880
USER_0798,186,2026-04-28 15:17:32.437889
USER_0798,263,2026-05-21 15:17:32.437900
USER_0798,366,2026-04-24 15:17:32.437909
USER_0798,114,2026-04-08 15:17:32.437918
USER_0798,487,2026-05-31 15:17:32.437927
USER_0798,274,2026-05-26 15:17:32.437936
USER_0799,206,2026-04-06 15:17:32.437949
USER_0799,210,2026-04-09 15:17:32.437961
USER_0799,410,2026-03-25 15:17:32.437970
USER_0799,479,2026-05-11 15:17:32.437979
USER_0799,26,2026-05-25 15:17:32.437988
USER_0800,169,2026-05-01 15:17:32.438001
USER_0800,166,2026-05-22 15:17:32.438010
USER_0800,168,2026-04-21 15:17:32.438019
USER_0801,228,2026-03-29 15:17:32.438032
USER_0802,278,2026-06-04 15:17:32.438045
USER_0802,25,2026-06-13 15:17:32.438054
USER_0802,71,2026-06-08 15:17:32.438064
USER_0803,176,2026-04-12 15:17:32.438077
USER_0803,132,2026-05-25 15:17:32.438086
USER_0803,462,2026-05-29 15:17:32.438095
USER_0803,411,2026-06-07 15:17:32.438104
USER_0803,106,2026-05-18 15:17:32.438113
USER_0804,241,2026-06-02 15:17:32.438126
USER_0804,281,2026-05-21 15:17:32.438135
USER_0804,204,2026-06-04 15:17:32.438144
USER_0804,416,2026-05-12 15:17:32.438153
USER_0804,175,2026-05-25 15:17:32.438162
USER_0804,240,2026-04-16 15:17:32.438171
USER_0804,385,2026-05-13 15:17:32.438182
USER_0805,45,2026-06-14 15:17:32.438195
USER_0806,105,2026-05-13 15:17:32.438208
USER_0806,145,2026-03-24 15:17:32.438217
USER_0807,475,2026-04-09 15:17:32.438230
USER_0807,272,2026-04-07 15:17:32.438239
USER_0807,412,2026-04-19 15:17:32.438248
USER_0807,69,2026-04-23 15:17:32.438257
USER_0807,149,2026-04-03 15:17:32.438266
USER_0807,25,2026-06-14 15:17:32.438275
USER_0807,139,2026-05-12 15:17:32.438283
USER_0807,277,2026-06-06 15:17:32.438292
USER_0807,150,2026-04-30 15:17:32.438301
USER_0808,88,2026-05-01 15:17:32.438316
USER_0808,212,2026-06-07 15:17:32.438325
USER_0808,182,2026-06-10 15:17:32.438334
USER_0808,78,2026-06-11 15:17:32.438343
USER_0808,385,2026-04-29 15:17:32.438352
USER_0808,268,2026-05-26 15:17:32.438361
USER_0808,185,2026-04-30 15:17:32.438370
USER_0809,229,2026-05-16 15:17:32.438382
USER_0809,489,2026-06-17 15:17:32.438391
USER_0810,325,2026-04-22 15:17:32.438407
USER_0810,191,2026-05-03 15:17:32.438416
USER_0810,322,2026-06-01 15:17:32.438425
USER_0810,102,2026-03-30 15:17:32.438434
USER_0810,371,2026-04-08 15:17:32.438443
USER_0810,132,2026-04-05 15:17:32.438452
USER_0810,138,2026-04-14 15:17:32.438461
USER_0810,452,2026-04-13 15:17:32.438470
USER_0811,28,2026-04-18 15:17:32.438485
USER_0812,332,2026-06-08 15:17:32.438498
USER_0812,129,2026-05-10 15:17:32.438507
USER_0813,207,2026-05-06 15:17:32.438520
USER_0813,23,2026-05-03 15:17:32.438529
USER_0813,355,2026-05-29 15:17:32.438538
USER_0813,313,2026-06-09 15:17:32.438547
USER_0813,28,2026-05-05 15:17:32.438556
USER_0814,315,2026-06-05 15:17:32.438569
USER_0814,488,2026-05-09 15:17:32.438578
USER_0814,207,2026-05-08 15:17:32.438587
USER_0815,191,2026-05-02 15:17:32.438600
USER_0815,63,2026-05-19 15:17:32.438610
USER_0815,151,2026-06-18 15:17:32.438619
USER_0815,321,2026-03-25 15:17:32.438628
USER_0815,30,2026-05-13 15:17:32.438637
USER_0815,28,2026-05-25 15:17:32.438646
USER_0815,333,2026-04-14 15:17:32.438655
USER_0815,303,2026-05-26 15:17:32.438665
USER_0815,436,2026-04-16 15:17:32.438674
USER_0815,345,2026-04-14 15:17:32.438682
USER_0816,293,2026-06-11 15:17:32.438695
USER_0816,148,2026-03-25 15:17:32.438705
USER_0817,404,2026-04-16 15:17:32.438718
USER_0817,361,2026-05-24 15:17:32.438727
USER_0817,43,2026-04-11 15:17:32.438736
USER_0817,428,2026-05-23 15:17:32.438745
USER_0817,126,2026-06-03 15:17:32.438754
USER_0817,243,2026-05-11 15:17:32.438763
USER_0817,75,2026-06-17 15:17:32.438772
USER_0817,449,2026-04-05 15:17:32.438780
USER_0817,213,2026-05-05 15:17:32.438790
USER_0818,68,2026-05-21 15:17:32.438802
USER_0818,84,2026-06-11 15:17:32.438811
USER_0818,68,2026-06-09 15:17:32.438820
USER_0818,215,2026-04-15 15:17:32.438829
USER_0818,160,2026-05-20 15:17:32.438838
USER_0818,93,2026-05-12 15:17:32.438847
USER_0818,164,2026-05-05 15:17:32.438860
USER_0819,30,2026-04-21 15:17:32.438873
USER_0819,342,2026-06-09 15:17:32.438884
USER_0819,487,2026-06-18 15:17:32.438893
USER_0820,226,2026-05-24 15:17:32.438906
USER_0820,358,2026-06-18 15:17:32.438915
USER_0820,57,2026-05-30 15:17:32.438926
USER_0820,179,2026-06-15 15:17:32.438935
USER_0820,340,2026-05-06 15:17:32.438944
USER_0820,254,2026-05-31 15:17:32.438953
USER_0820,37,2026-04-20 15:17:32.438962
USER_0820,497,2026-05-31 15:17:32.438971
USER_0820,385,2026-05-26 15:17:32.438980
USER_0821,25,2026-05-19 15:17:32.438993
USER_0821,168,2026-04-11 15:17:32.439002
USER_0821,224,2026-04-14 15:17:32.439011
USER_0821,306,2026-06-19 15:17:32.439020
USER_0821,12,2026-06-15 15:17:32.439029
USER_0821,395,2026-06-01 15:17:32.439039
USER_0821,408,2026-05-03 15:17:32.439048
USER_0821,370,2026-04-24 15:17:32.439058
USER_0821,331,2026-05-16 15:17:32.439066
USER_0822,358,2026-05-29 15:17:32.439079
USER_0822,184,2026-04-04 15:17:32.439088
USER_0822,437,2026-05-04 15:17:32.439097
USER_0822,379,2026-06-17 15:17:32.439106
USER_0822,467,2026-04-28 15:17:32.439115
USER_0823,103,2026-03-24 15:17:32.439128
USER_0823,199,2026-05-18 15:17:32.439137
USER_0823,433,2026-03-24 15:17:32.439146
USER_0823,15,2026-03-28 15:17:32.439155
USER_0823,204,2026-04-05 15:17:32.439164
USER_0824,88,2026-05-12 15:17:32.439177
USER_0824,255,2026-05-05 15:17:32.439186
USER_0824,367,2026-03-24 15:17:32.439195
USER_0824,171,2026-05-04 15:17:32.439204
USER_0824,487,2026-06-11 15:17:32.439213
USER_0824,383,2026-03-25 15:17:32.439222
USER_0824,76,2026-05-01 15:17:32.439231
USER_0824,479,2026-04-21 15:17:32.439240
USER_0824,291,2026-06-05 15:17:32.439249
USER_0824,324,2026-04-18 15:17:32.439258
USER_0825,168,2026-04-01 15:17:32.439276
USER_0825,279,2026-04-07 15:17:32.439292
USER_0825,304,2026-03-30 15:17:32.439307
USER_0825,262,2026-06-02 15:17:32.439321
USER_0825,89,2026-06-16 15:17:32.439330
USER_0825,59,2026-04-12 15:17:32.439339
USER_0826,226,2026-06-04 15:17:32.439352
USER_0826,465,2026-03-22 15:17:32.439361
USER_0826,150,2026-05-22 15:17:32.439369
USER_0826,78,2026-06-06 15:17:32.439378
USER_0826,288,2026-05-02 15:17:32.439387
USER_0826,276,2026-05-26 15:17:32.439396
USER_0826,278,2026-06-03 15:17:32.439405
USER_0827,185,2026-03-31 15:17:32.439417
USER_0827,92,2026-06-06 15:17:32.439426
USER_0827,157,2026-05-31 15:17:32.439435
USER_0827,180,2026-06-01 15:17:32.439444
USER_0827,76,2026-04-25 15:17:32.439453
USER_0827,150,2026-03-30 15:17:32.439462
USER_0827,237,2026-04-19 15:17:32.439471
USER_0827,230,2026-05-18 15:17:32.439479
USER_0827,72,2026-06-02 15:17:32.439495
USER_0828,188,2026-05-19 15:17:32.439508
USER_0829,18,2026-06-03 15:17:32.439520
USER_0829,482,2026-04-11 15:17:32.439529
USER_0829,83,2026-05-17 15:17:32.439538
USER_0829,195,2026-05-26 15:17:32.439547
USER_0829,201,2026-04-07 15:17:32.439556
USER_0829,340,2026-03-24 15:17:32.439565
USER_0830,252,2026-04-20 15:17:32.439578
USER_0830,6,2026-04-01 15:17:32.439587
USER_0830,226,2026-06-04 15:17:32.439596
USER_0830,423,2026-06-04 15:17:32.439606
USER_0830,290,2026-06-08 15:17:32.439615
USER_0830,177,2026-05-30 15:17:32.439624
USER_0830,227,2026-05-08 15:17:32.439632
USER_0830,287,2026-06-03 15:17:32.439641
USER_0830,133,2026-05-10 15:17:32.439650
USER_0830,282,2026-03-24 15:17:32.439663
USER_0831,65,2026-05-26 15:17:32.439680
USER_0831,91,2026-06-11 15:17:32.439689
USER_0831,316,2026-04-28 15:17:32.439698
USER_0831,258,2026-05-13 15:17:32.439707
USER_0832,102,2026-04-11 15:17:32.439720
USER_0832,256,2026-04-26 15:17:32.439729
USER_0832,300,2026-04-11 15:17:32.439738
USER_0832,462,2026-05-04 15:17:32.439747
USER_0833,181,2026-06-06 15:17:32.439759
USER_0833,301,2026-04-10 15:17:32.439770
USER_0833,471,2026-05-20 15:17:32.439781
USER_0833,478,2026-04-22 15:17:32.439790
USER_0833,105,2026-05-22 15:17:32.439799
USER_0833,397,2026-06-03 15:17:32.439808
USER_0833,255,2026-05-15 15:17:32.439817
USER_0833,495,2026-04-23 15:17:32.439826
USER_0833,108,2026-05-27 15:17:32.439835
USER_0833,346,2026-04-18 15:17:32.439844
USER_0834,287,2026-04-22 15:17:32.439857
USER_0834,365,2026-03-30 15:17:32.439866
USER_0834,36,2026-06-02 15:17:32.439875
USER_0834,136,2026-05-25 15:17:32.439884
USER_0834,327,2026-04-17 15:17:32.439893
USER_0834,181,2026-05-31 15:17:32.439902
USER_0834,466,2026-03-26 15:17:32.439911
USER_0834,52,2026-05-21 15:17:32.439920
USER_0834,266,2026-04-18 15:17:32.439929
USER_0835,402,2026-03-25 15:17:32.439942
USER_0836,462,2026-05-14 15:17:32.439955
USER_0836,113,2026-05-22 15:17:32.439964
USER_0836,363,2026-05-25 15:17:32.439973
USER_0836,83,2026-06-18 15:17:32.439982
USER_0836,243,2026-06-05 15:17:32.439991
USER_0837,305,2026-03-26 15:17:32.440004
USER_0837,278,2026-05-13 15:17:32.440013
USER_0837,89,2026-04-22 15:17:32.440022
USER_0837,411,2026-04-06 15:17:32.440031
USER_0838,122,2026-04-15 15:17:32.440044
USER_0838,412,2026-06-12 15:17:32.440053
USER_0838,228,2026-06-09 15:17:32.440062
USER_0838,438,2026-06-02 15:17:32.440071
USER_0838,397,2026-05-01 15:17:32.440080
USER_0838,482,2026-04-07 15:17:32.440089
USER_0838,482,2026-06-11 15:17:32.440098
USER_0838,190,2026-06-09 15:17:32.440107
USER_0839,422,2026-04-28 15:17:32.440122
USER_0839,439,2026-04-03 15:17:32.440132
USER_0839,74,2026-05-23 15:17:32.440145
USER_0840,20,2026-05-26 15:17:32.440161
USER_0840,170,2026-06-10 15:17:32.440174
USER_0840,210,2026-06-05 15:17:32.440183
USER_0840,85,2026-05-03 15:17:32.440192
USER_0840,187,2026-05-30 15:17:32.440201
USER_0840,150,2026-05-01 15:17:32.440210
USER_0840,68,2026-06-07 15:17:32.440219
USER_0841,455,2026-04-03 15:17:32.440231
USER_0841,120,2026-06-11 15:17:32.440240
USER_0841,100,2026-05-16 15:17:32.440249
USER_0841,441,2026-05-30 15:17:32.440258
USER_0842,242,2026-04-09 15:17:32.440273
USER_0842,42,2026-03-31 15:17:32.440282
USER_0843,213,2026-06-14 15:17:32.440295
USER_0843,66,2026-04-03 15:17:32.440304
USER_0844,236,2026-06-08 15:17:32.440329
USER_0844,257,2026-04-15 15:17:32.440343
USER_0844,406,2026-06-05 15:17:32.440352
USER_0844,336,2026-05-22 15:17:32.440361
USER_0845,141,2026-05-23 15:17:32.440374
USER_0845,157,2026-05-07 15:17:32.440383
USER_0845,415,2026-03-31 15:17:32.440392
USER_0845,370,2026-04-11 15:17:32.440401
USER_0845,261,2026-03-24 15:17:32.440410
USER_0845,337,2026-05-24 15:17:32.440419
USER_0845,228,2026-03-24 15:17:32.440428
USER_0846,357,2026-05-27 15:17:32.440441
USER_0846,167,2026-05-17 15:17:32.440450
USER_0846,462,2026-05-04 15:17:32.440459
USER_0846,213,2026-04-06 15:17:32.440468
USER_0846,320,2026-05-27 15:17:32.440477
USER_0846,43,2026-06-02 15:17:32.440486
USER_0846,312,2026-04-05 15:17:32.440495
USER_0846,487,2026-05-23 15:17:32.440504
USER_0847,468,2026-05-28 15:17:32.440517
USER_0847,394,2026-05-17 15:17:32.440533
USER_0847,233,2026-03-26 15:17:32.440548
USER_0847,115,2026-05-16 15:17:32.440563
USER_0847,283,2026-05-09 15:17:32.440577
USER_0847,205,2026-03-30 15:17:32.440592
USER_0847,219,2026-03-30 15:17:32.440607
USER_0848,105,2026-06-12 15:17:32.440629
USER_0848,455,2026-04-28 15:17:32.440641
USER_0848,474,2026-06-16 15:17:32.440650
USER_0848,480,2026-06-15 15:17:32.440659
USER_0848,353,2026-05-02 15:17:32.440668
USER_0848,327,2026-05-21 15:17:32.440681
USER_0848,174,2026-04-18 15:17:32.440692
USER_0848,440,2026-05-25 15:17:32.440703
USER_0849,126,2026-06-13 15:17:32.440724
USER_0849,91,2026-05-11 15:17:32.440740
USER_0849,189,2026-05-12 15:17:32.440750
USER_0849,52,2026-04-03 15:17:32.440765
USER_0849,489,2026-06-16 15:17:32.440776
USER_0850,6,2026-05-26 15:17:32.440790
USER_0850,196,2026-05-23 15:17:32.440799
USER_0851,82,2026-05-31 15:17:32.440812
USER_0851,359,2026-06-09 15:17:32.440821
USER_0851,470,2026-04-14 15:17:32.440830
USER_0852,188,2026-05-28 15:17:32.440843
USER_0852,365,2026-04-10 15:17:32.440853
USER_0852,361,2026-05-17 15:17:32.440862
USER_0852,57,2026-06-01 15:17:32.440871
USER_0852,303,2026-06-11 15:17:32.440880
USER_0852,40,2026-03-30 15:17:32.440891
USER_0852,172,2026-05-03 15:17:32.440900
USER_0853,371,2026-05-26 15:17:32.440913
USER_0853,107,2026-04-03 15:17:32.440922
USER_0853,402,2026-05-26 15:17:32.440931
USER_0853,118,2026-05-12 15:17:32.440940
USER_0853,335,2026-04-02 15:17:32.440949
USER_0853,103,2026-05-24 15:17:32.440958
USER_0853,190,2026-04-07 15:17:32.440969
USER_0853,498,2026-04-13 15:17:32.440977
USER_0853,254,2026-06-01 15:17:32.440986
USER_0853,212,2026-05-23 15:17:32.440995
USER_0854,338,2026-06-10 15:17:32.441009
USER_0855,356,2026-06-17 15:17:32.441021
USER_0855,458,2026-03-30 15:17:32.441030
USER_0855,257,2026-05-03 15:17:32.441039
USER_0855,309,2026-04-05 15:17:32.441051
USER_0855,106,2026-06-14 15:17:32.441060
USER_0855,491,2026-05-11 15:17:32.441069
USER_0856,366,2026-04-08 15:17:32.441082
USER_0856,348,2026-06-18 15:17:32.441091
USER_0857,225,2026-04-07 15:17:32.441104
USER_0858,356,2026-04-09 15:17:32.441117
USER_0858,352,2026-04-21 15:17:32.441126
USER_0858,235,2026-06-14 15:17:32.441135
USER_0858,479,2026-06-01 15:17:32.441144
USER_0858,256,2026-05-24 15:17:32.441153
USER_0858,39,2026-05-18 15:17:32.441162
USER_0858,196,2026-05-19 15:17:32.441171
USER_0859,56,2026-06-12 15:17:32.441184
USER_0860,375,2026-06-11 15:17:32.441197
USER_0860,418,2026-03-25 15:17:32.441206
USER_0860,462,2026-04-10 15:17:32.441215
USER_0860,309,2026-04-28 15:17:32.441224
USER_0860,241,2026-03-28 15:17:32.441233
USER_0860,322,2026-05-26 15:17:32.441242
USER_0860,438,2026-04-19 15:17:32.441251
USER_0860,151,2026-05-05 15:17:32.441260
USER_0860,277,2026-05-05 15:17:32.441269
USER_0860,175,2026-06-09 15:17:32.441278
USER_0861,234,2026-05-12 15:17:32.441291
USER_0861,48,2026-05-16 15:17:32.441300
USER_0861,37,2026-05-05 15:17:32.441309
USER_0861,309,2026-06-12 15:17:32.441318
USER_0861,218,2026-05-14 15:17:32.441327
USER_0861,33,2026-05-11 15:17:32.441336
USER_0861,235,2026-04-02 15:17:32.441345
USER_0861,160,2026-06-03 15:17:32.441354
USER_0862,220,2026-04-01 15:17:32.441367
USER_0862,288,2026-06-11 15:17:32.441376
USER_0862,112,2026-04-21 15:17:32.441385
USER_0862,404,2026-04-04 15:17:32.441394
USER_0863,196,2026-03-27 15:17:32.441407
USER_0863,261,2026-06-10 15:17:32.441416
USER_0863,64,2026-06-07 15:17:32.441425
USER_0863,312,2026-05-31 15:17:32.441433
USER_0863,391,2026-05-05 15:17:32.441442
USER_0863,456,2026-06-10 15:17:32.441451
USER_0863,394,2026-04-14 15:17:32.441460
USER_0863,393,2026-06-08 15:17:32.441469
USER_0863,176,2026-05-26 15:17:32.441478
USER_0863,216,2026-05-02 15:17:32.441487
USER_0864,38,2026-05-15 15:17:32.441507
USER_0864,217,2026-04-28 15:17:32.441516
USER_0864,486,2026-04-03 15:17:32.441525
USER_0864,359,2026-04-25 15:17:32.441534
USER_0864,55,2026-06-19 15:17:32.441546
USER_0864,252,2026-06-16 15:17:32.441556
USER_0865,332,2026-05-16 15:17:32.441573
USER_0865,414,2026-04-29 15:17:32.441582
USER_0865,195,2026-03-25 15:17:32.441591
USER_0865,79,2026-04-29 15:17:32.441600
USER_0865,21,2026-06-13 15:17:32.441609
USER_0865,439,2026-04-06 15:17:32.441618
USER_0865,92,2026-04-23 15:17:32.441627
USER_0865,102,2026-04-17 15:17:32.441636
USER_0866,230,2026-04-26 15:17:32.441649
USER_0866,239,2026-04-19 15:17:32.441658
USER_0866,231,2026-03-22 15:17:32.441667
USER_0866,232,2026-04-08 15:17:32.441676
USER_0866,438,2026-04-04 15:17:32.441687
USER_0866,344,2026-05-15 15:17:32.441696
USER_0866,427,2026-05-27 15:17:32.441705
USER_0867,140,2026-06-18 15:17:32.441718
USER_0868,443,2026-05-23 15:17:32.441731
USER_0868,142,2026-05-24 15:17:32.441746
USER_0869,32,2026-04-02 15:17:32.441766
USER_0869,169,2026-05-31 15:17:32.441775
USER_0869,356,2026-06-08 15:17:32.441784
USER_0869,22,2026-04-08 15:17:32.441793
USER_0869,223,2026-04-09 15:17:32.441801
USER_0869,346,2026-06-06 15:17:32.441810
USER_0869,332,2026-05-26 15:17:32.441819
USER_0869,108,2026-03-27 15:17:32.441828
USER_0870,388,2026-04-27 15:17:32.441840
USER_0870,155,2026-06-07 15:17:32.441849
USER_0870,344,2026-05-08 15:17:32.441859
USER_0870,486,2026-05-04 15:17:32.441867
USER_0870,421,2026-04-10 15:17:32.441876
USER_0871,108,2026-04-19 15:17:32.441889
USER_0871,36,2026-05-12 15:17:32.441898
USER_0871,381,2026-03-26 15:17:32.441907
USER_0872,51,2026-03-31 15:17:32.441919
USER_0872,493,2026-05-18 15:17:32.441928
USER_0872,297,2026-03-31 15:17:32.441937
USER_0872,367,2026-04-05 15:17:32.441946
USER_0872,239,2026-05-24 15:17:32.441955
USER_0872,406,2026-06-12 15:17:32.441963
USER_0872,122,2026-04-17 15:17:32.441972
USER_0872,15,2026-05-31 15:17:32.441981
USER_0873,18,2026-04-01 15:17:32.441994
USER_0874,165,2026-06-12 15:17:32.442007
USER_0874,180,2026-05-13 15:17:32.442015
USER_0874,414,2026-03-22 15:17:32.442024
USER_0874,443,2026-05-07 15:17:32.442033
USER_0874,400,2026-04-05 15:17:32.442042
USER_0874,72,2026-04-02 15:17:32.442051
USER_0874,425,2026-05-12 15:17:32.442059
USER_0874,395,2026-05-03 15:17:32.442068
USER_0875,462,2026-06-02 15:17:32.442081
USER_0875,121,2026-06-14 15:17:32.442090
USER_0875,115,2026-05-08 15:17:32.442098
USER_0875,225,2026-05-16 15:17:32.442107
USER_0875,248,2026-04-27 15:17:32.442116
USER_0875,452,2026-04-19 15:17:32.442125
USER_0875,143,2026-03-30 15:17:32.442133
USER_0875,344,2026-06-12 15:17:32.442142
USER_0875,243,2026-03-22 15:17:32.442151
USER_0876,490,2026-05-20 15:17:32.442163
USER_0876,183,2026-06-10 15:17:32.442174
USER_0876,91,2026-04-05 15:17:32.442183
USER_0876,403,2026-04-11 15:17:32.442192
USER_0876,278,2026-06-15 15:17:32.442200
USER_0876,313,2026-06-11 15:17:32.442209
USER_0877,277,2026-05-05 15:17:32.442225
USER_0877,7,2026-04-17 15:17:32.442234
USER_0877,178,2026-05-31 15:17:32.442243
USER_0877,38,2026-04-03 15:17:32.442251
USER_0877,177,2026-05-14 15:17:32.442260
USER_0877,330,2026-05-17 15:17:32.442269
USER_0878,286,2026-05-18 15:17:32.442281
USER_0878,427,2026-04-27 15:17:32.442290
USER_0878,241,2026-05-17 15:17:32.442299
USER_0878,377,2026-04-10 15:17:32.442311
USER_0878,22,2026-04-19 15:17:32.442320
USER_0878,311,2026-05-05 15:17:32.442328
USER_0879,188,2026-03-23 15:17:32.442341
USER_0879,421,2026-06-17 15:17:32.442350
USER_0879,417,2026-03-28 15:17:32.442359
USER_0879,127,2026-05-07 15:17:32.442367
USER_0879,272,2026-05-21 15:17:32.442376
USER_0879,393,2026-04-22 15:17:32.442385
USER_0879,401,2026-03-28 15:17:32.442394
USER_0880,470,2026-04-18 15:17:32.442410
USER_0881,357,2026-06-09 15:17:32.442423
USER_0881,378,2026-04-11 15:17:32.442432
USER_0881,174,2026-04-19 15:17:32.442441
USER_0881,483,2026-05-17 15:17:32.442449
USER_0881,231,2026-06-03 15:17:32.442458
USER_0881,203,2026-04-27 15:17:32.442467
USER_0881,39,2026-03-27 15:17:32.442476
USER_0881,322,2026-06-01 15:17:32.442485
USER_0881,180,2026-03-30 15:17:32.442494
USER_0881,82,2026-04-17 15:17:32.442502
USER_0882,199,2026-06-04 15:17:32.442515
USER_0882,179,2026-06-02 15:17:32.442524
USER_0882,170,2026-05-03 15:17:32.442533
USER_0882,176,2026-05-12 15:17:32.442542
USER_0882,236,2026-06-08 15:17:32.442551
USER_0882,326,2026-06-10 15:17:32.442559
USER_0883,48,2026-06-19 15:17:32.442572
USER_0883,276,2026-05-15 15:17:32.442581
USER_0883,115,2026-05-14 15:17:32.442589
USER_0883,310,2026-05-27 15:17:32.442598
USER_0883,390,2026-05-26 15:17:32.442607
USER_0883,92,2026-03-31 15:17:32.442616
USER_0883,224,2026-04-10 15:17:32.442625
USER_0884,10,2026-05-27 15:17:32.442637
USER_0884,11,2026-04-08 15:17:32.442646
USER_0884,446,2026-05-16 15:17:32.442655
USER_0884,227,2026-04-13 15:17:32.442663
USER_0884,140,2026-04-24 15:17:32.442672
USER_0884,82,2026-05-28 15:17:32.442681
USER_0884,343,2026-05-12 15:17:32.442690
USER_0885,289,2026-06-08 15:17:32.442702
USER_0886,158,2026-04-06 15:17:32.442715
USER_0886,396,2026-04-19 15:17:32.442724
USER_0886,385,2026-05-20 15:17:32.442733
USER_0886,312,2026-06-05 15:17:32.442741
USER_0886,33,2026-04-06 15:17:32.442750
USER_0886,330,2026-04-13 15:17:32.442759
USER_0886,193,2026-05-22 15:17:32.442768
USER_0887,292,2026-04-04 15:17:32.442780
USER_0887,404,2026-03-31 15:17:32.442789
USER_0887,123,2026-05-07 15:17:32.442798
USER_0887,454,2026-06-01 15:17:32.442807
USER_0887,76,2026-06-12 15:17:32.442816
USER_0887,296,2026-04-15 15:17:32.442824
USER_0887,471,2026-04-06 15:17:32.442833
USER_0888,25,2026-04-20 15:17:32.442846
USER_0888,102,2026-04-10 15:17:32.442855
USER_0888,325,2026-03-29 15:17:32.442863
USER_0888,362,2026-05-22 15:17:32.442872
USER_0888,274,2026-04-15 15:17:32.442881
USER_0888,185,2026-04-13 15:17:32.442890
USER_0889,164,2026-04-24 15:17:32.442902
USER_0889,91,2026-04-20 15:17:32.442911
USER_0889,454,2026-05-21 15:17:32.442922
USER_0889,152,2026-04-08 15:17:32.442935
USER_0889,114,2026-04-16 15:17:32.442944
USER_0889,17,2026-06-14 15:17:32.442952
USER_0890,480,2026-06-09 15:17:32.442965
USER_0890,332,2026-04-16 15:17:32.442974
USER_0890,448,2026-03-28 15:17:32.442984
USER_0890,194,2026-04-29 15:17:32.442993
USER_0890,488,2026-03-30 15:17:32.443001
USER_0890,286,2026-04-03 15:17:32.443010
USER_0890,438,2026-06-03 15:17:32.443019
USER_0890,484,2026-05-15 15:17:32.443028
USER_0890,308,2026-05-25 15:17:32.443037
USER_0890,85,2026-06-03 15:17:32.443046
USER_0891,341,2026-06-18 15:17:32.443058
USER_0891,259,2026-06-15 15:17:32.443067
USER_0891,5,2026-05-15 15:17:32.443076
USER_0891,204,2026-05-30 15:17:32.443085
USER_0891,153,2026-03-23 15:17:32.443094
USER_0891,166,2026-04-26 15:17:32.443103
USER_0891,160,2026-03-28 15:17:32.443115
USER_0891,55,2026-06-06 15:17:32.443124
USER_0891,148,2026-03-31 15:17:32.443132
USER_0892,412,2026-03-28 15:17:32.443145
USER_0892,343,2026-06-12 15:17:32.443154
USER_0892,472,2026-06-17 15:17:32.443163
USER_0892,352,2026-06-01 15:17:32.443172
USER_0892,78,2026-04-15 15:17:32.443180
USER_0892,123,2026-03-26 15:17:32.443189
USER_0892,465,2026-04-07 15:17:32.443200
USER_0892,45,2026-05-29 15:17:32.443211
USER_0893,288,2026-06-07 15:17:32.443224
USER_0894,76,2026-03-22 15:17:32.443238
USER_0894,376,2026-05-24 15:17:32.443247
USER_0894,151,2026-04-03 15:17:32.443256
USER_0894,238,2026-04-14 15:17:32.443267
USER_0894,368,2026-04-18 15:17:32.443276
USER_0895,190,2026-05-03 15:17:32.443289
USER_0895,11,2026-04-03 15:17:32.443297
USER_0895,171,2026-05-23 15:17:32.443306
USER_0896,176,2026-05-11 15:17:32.443319
USER_0897,342,2026-04-24 15:17:32.443332
USER_0897,447,2026-03-28 15:17:32.443340
USER_0897,184,2026-04-06 15:17:32.443349
USER_0897,329,2026-04-07 15:17:32.443358
USER_0897,355,2026-04-11 15:17:32.443367
USER_0898,42,2026-04-05 15:17:32.443380
USER_0898,154,2026-05-28 15:17:32.443388
USER_0898,248,2026-04-23 15:17:32.443397
USER_0898,133,2026-05-14 15:17:32.443406
USER_0898,389,2026-04-16 15:17:32.443415
USER_0898,21,2026-05-01 15:17:32.443424
USER_0898,152,2026-03-24 15:17:32.443432
USER_0898,345,2026-04-02 15:17:32.443441
USER_0899,215,2026-04-30 15:17:32.443454
USER_0899,357,2026-05-03 15:17:32.443463
USER_0899,245,2026-04-11 15:17:32.443472
USER_0899,315,2026-04-16 15:17:32.443480
USER_0899,35,2026-05-05 15:17:32.443489
USER_0899,203,2026-04-23 15:17:32.443504
USER_0899,266,2026-05-13 15:17:32.443513
USER_0899,169,2026-06-08 15:17:32.443522
USER_0900,454,2026-05-12 15:17:32.443535
USER_0900,291,2026-06-09 15:17:32.443543
USER_0901,288,2026-05-20 15:17:32.443558
USER_0901,145,2026-06-07 15:17:32.443567
USER_0901,313,2026-05-10 15:17:32.443576
USER_0901,151,2026-04-25 15:17:32.443585
USER_0902,310,2026-05-20 15:17:32.443597
USER_0902,187,2026-06-10 15:17:32.443606
USER_0902,229,2026-06-18 15:17:32.443615
USER_0902,258,2026-06-05 15:17:32.443624
USER_0902,414,2026-05-08 15:17:32.443633
USER_0902,322,2026-04-11 15:17:32.443642
USER_0902,318,2026-04-25 15:17:32.443652
USER_0902,270,2026-04-06 15:17:32.443661
USER_0902,421,2026-06-10 15:17:32.443670
USER_0903,497,2026-05-01 15:17:32.443683
USER_0903,398,2026-04-10 15:17:32.443692
USER_0903,81,2026-06-02 15:17:32.443701
USER_0903,1,2026-03-24 15:17:32.443710
USER_0903,481,2026-03-28 15:17:32.443719
USER_0903,153,2026-05-08 15:17:32.443727
USER_0903,421,2026-04-10 15:17:32.443736
USER_0903,132,2026-05-09 15:17:32.443745
USER_0903,64,2026-06-09 15:17:32.443754
USER_0904,466,2026-06-19 15:17:32.443767
USER_0904,212,2026-06-18 15:17:32.443775
USER_0905,470,2026-04-20 15:17:32.443788
USER_0905,87,2026-05-30 15:17:32.443797
USER_0905,382,2026-04-13 15:17:32.443806
USER_0905,277,2026-06-08 15:17:32.443815
USER_0906,128,2026-03-30 15:17:32.443827
USER_0906,381,2026-05-21 15:17:32.443836
USER_0906,269,2026-05-27 15:17:32.443845
USER_0906,452,2026-05-15 15:17:32.443854
USER_0907,350,2026-04-21 15:17:32.443867
USER_0907,460,2026-04-26 15:17:32.443876
USER_0907,279,2026-04-01 15:17:32.443885
USER_0907,151,2026-04-04 15:17:32.443894
USER_0907,25,2026-04-27 15:17:32.443902
USER_0907,335,2026-04-15 15:17:32.443911
USER_0907,237,2026-05-13 15:17:32.443920
USER_0907,496,2026-04-16 15:17:32.443929
USER_0908,298,2026-05-16 15:17:32.443942
USER_0908,164,2026-05-22 15:17:32.443951
USER_0908,185,2026-03-31 15:17:32.443960
USER_0909,41,2026-05-12 15:17:32.443972
USER_0909,284,2026-05-23 15:17:32.443981
USER_0909,386,2026-05-08 15:17:32.443990
USER_0909,186,2026-06-10 15:17:32.443999
USER_0909,203,2026-06-06 15:17:32.444008
USER_0909,41,2026-05-04 15:17:32.444016
USER_0910,25,2026-05-19 15:17:32.444029
USER_0910,55,2026-06-19 15:17:32.444038
USER_0910,336,2026-06-18 15:17:32.444047
USER_0910,375,2026-05-21 15:17:32.444058
USER_0910,307,2026-04-10 15:17:32.444069
USER_0910,21,2026-06-11 15:17:32.444078
USER_0910,109,2026-05-17 15:17:32.444086
USER_0910,128,2026-05-02 15:17:32.444095
USER_0910,339,2026-04-08 15:17:32.444104
USER_0910,466,2026-04-28 15:17:32.444113
USER_0911,44,2026-05-11 15:17:32.444129
USER_0911,392,2026-04-13 15:17:32.444138
USER_0911,145,2026-05-29 15:17:32.444152
USER_0911,361,2026-04-05 15:17:32.444161
USER_0912,133,2026-04-08 15:17:32.444176
USER_0912,47,2026-03-29 15:17:32.444189
USER_0912,463,2026-06-13 15:17:32.444198
USER_0912,271,2026-04-12 15:17:32.444207
USER_0912,370,2026-06-19 15:17:32.444216
USER_0912,486,2026-05-14 15:17:32.444225
USER_0912,164,2026-03-29 15:17:32.444234
USER_0913,217,2026-04-17 15:17:32.444247
USER_0914,327,2026-04-19 15:17:32.444261
USER_0914,380,2026-04-20 15:17:32.444270
USER_0914,65,2026-05-18 15:17:32.444279
USER_0914,238,2026-05-21 15:17:32.444288
USER_0914,187,2026-05-31 15:17:32.444296
USER_0914,362,2026-03-30 15:17:32.444305
USER_0915,407,2026-04-07 15:17:32.444318
USER_0915,36,2026-06-16 15:17:32.444327
USER_0915,76,2026-06-16 15:17:32.444336
USER_0915,460,2026-03-23 15:17:32.444345
USER_0915,252,2026-06-02 15:17:32.444354
USER_0915,193,2026-03-24 15:17:32.444363
USER_0915,32,2026-05-03 15:17:32.444373
USER_0915,466,2026-04-23 15:17:32.444382
USER_0915,27,2026-04-08 15:17:32.444391
USER_0916,320,2026-06-10 15:17:32.444404
USER_0916,84,2026-05-09 15:17:32.444413
USER_0916,187,2026-06-11 15:17:32.444422
USER_0917,324,2026-04-24 15:17:32.444435
USER_0917,319,2026-05-29 15:17:32.444444
USER_0917,214,2026-05-10 15:17:32.444453
USER_0918,406,2026-04-25 15:17:32.444466
USER_0918,474,2026-05-26 15:17:32.444475
USER_0918,374,2026-06-14 15:17:32.444486
USER_0918,190,2026-05-17 15:17:32.444495
USER_0918,59,2026-06-11 15:17:32.444503
USER_0918,224,2026-05-02 15:17:32.444512
USER_0918,187,2026-04-30 15:17:32.444521
USER_0919,286,2026-05-14 15:17:32.444534
USER_0919,61,2026-05-10 15:17:32.444543
USER_0919,13,2026-04-23 15:17:32.444552
USER_0919,419,2026-05-15 15:17:32.444561
USER_0919,7,2026-04-02 15:17:32.444570
USER_0919,35,2026-05-25 15:17:32.444578
USER_0920,195,2026-05-23 15:17:32.444591
USER_0920,207,2026-04-19 15:17:32.444600
USER_0920,203,2026-03-26 15:17:32.444609
USER_0920,306,2026-04-01 15:17:32.444618
USER_0920,100,2026-05-09 15:17:32.444627
USER_0921,105,2026-06-10 15:17:32.444640
USER_0921,465,2026-05-12 15:17:32.444648
USER_0922,276,2026-05-12 15:17:32.444661
USER_0923,387,2026-06-05 15:17:32.444674
USER_0924,342,2026-06-10 15:17:32.444687
USER_0924,379,2026-05-17 15:17:32.444696
USER_0924,32,2026-05-03 15:17:32.444705
USER_0924,265,2026-04-20 15:17:32.444714
USER_0925,64,2026-03-28 15:17:32.444726
USER_0925,0,2026-04-04 15:17:32.444735
USER_0925,79,2026-06-15 15:17:32.444744
USER_0925,240,2026-06-05 15:17:32.444753
USER_0925,222,2026-05-23 15:17:32.444762
USER_0925,495,2026-05-28 15:17:32.444771
USER_0926,397,2026-06-07 15:17:32.444784
USER_0927,122,2026-04-20 15:17:32.444796
USER_0927,286,2026-04-17 15:17:32.444808
USER_0927,494,2026-03-31 15:17:32.444819
USER_0927,9,2026-04-08 15:17:32.444828
USER_0927,404,2026-06-12 15:17:32.444837
USER_0927,314,2026-04-04 15:17:32.444846
USER_0927,196,2026-05-01 15:17:32.444855
USER_0927,29,2026-04-11 15:17:32.444864
USER_0927,458,2026-06-03 15:17:32.444873
USER_0927,47,2026-05-31 15:17:32.444882
USER_0928,292,2026-06-18 15:17:32.444895
USER_0928,131,2026-06-19 15:17:32.444906
USER_0928,377,2026-04-27 15:17:32.444914
USER_0928,386,2026-05-26 15:17:32.444924
USER_0928,469,2026-06-11 15:17:32.444933
USER_0928,459,2026-03-25 15:17:32.444944
USER_0928,289,2026-04-07 15:17:32.444953
USER_0928,73,2026-05-08 15:17:32.444962
USER_0928,325,2026-05-29 15:17:32.444971
USER_0929,349,2026-06-18 15:17:32.444984
USER_0929,31,2026-04-15 15:17:32.444993
USER_0930,203,2026-06-04 15:17:32.445006
USER_0930,244,2026-06-19 15:17:32.445015
USER_0930,431,2026-04-09 15:17:32.445024
USER_0930,396,2026-05-01 15:17:32.445033
USER_0930,52,2026-06-05 15:17:32.445042
USER_0930,7,2026-05-07 15:17:32.445051
USER_0930,45,2026-04-07 15:17:32.445060
USER_0930,113,2026-04-12 15:17:32.445069
USER_0930,494,2026-06-01 15:17:32.445078
USER_0930,378,2026-05-13 15:17:32.445089
USER_0931,275,2026-05-08 15:17:32.445102
USER_0931,276,2026-05-31 15:17:32.445113
USER_0931,312,2026-03-30 15:17:32.445122
USER_0931,329,2026-05-01 15:17:32.445131
USER_0931,413,2026-05-25 15:17:32.445140
USER_0932,41,2026-05-20 15:17:32.445153
USER_0932,444,2026-04-13 15:17:32.445162
USER_0932,325,2026-04-20 15:17:32.445171
USER_0932,195,2026-04-03 15:17:32.445180
USER_0932,110,2026-03-22 15:17:32.445189
USER_0932,274,2026-06-03 15:17:32.445198
USER_0932,240,2026-04-30 15:17:32.445207
USER_0932,318,2026-04-11 15:17:32.445216
USER_0932,463,2026-04-06 15:17:32.445225
USER_0933,127,2026-04-06 15:17:32.445238
USER_0933,153,2026-04-10 15:17:32.445247
USER_0933,277,2026-04-25 15:17:32.445256
USER_0933,18,2026-03-23 15:17:32.445265
USER_0933,25,2026-05-20 15:17:32.445274
USER_0933,168,2026-05-09 15:17:32.445283
USER_0933,46,2026-05-28 15:17:32.445293
USER_0933,216,2026-06-07 15:17:32.445302
USER_0933,193,2026-04-15 15:17:32.445312
USER_0934,76,2026-05-23 15:17:32.445325
USER_0934,168,2026-05-16 15:17:32.445334
USER_0934,286,2026-04-04 15:17:32.445343
USER_0934,415,2026-03-27 15:17:32.445354
USER_0934,481,2026-04-27 15:17:32.445363
USER_0934,314,2026-04-09 15:17:32.445372
USER_0934,111,2026-05-10 15:17:32.445383
USER_0934,229,2026-04-15 15:17:32.445392
USER_0934,167,2026-04-27 15:17:32.445401
USER_0935,420,2026-05-23 15:17:32.445416
USER_0935,488,2026-04-16 15:17:32.445425
USER_0935,438,2026-04-07 15:17:32.445436
USER_0935,354,2026-06-16 15:17:32.445447
USER_0935,430,2026-06-10 15:17:32.445456
USER_0935,269,2026-04-06 15:17:32.445465
USER_0935,395,2026-05-13 15:17:32.445474
USER_0935,400,2026-05-06 15:17:32.445483
USER_0935,162,2026-04-01 15:17:32.445492
USER_0935,330,2026-04-15 15:17:32.445507
USER_0936,284,2026-04-14 15:17:32.445520
USER_0936,19,2026-06-02 15:17:32.445529
USER_0936,417,2026-06-06 15:17:32.445538
USER_0936,309,2026-05-02 15:17:32.445547
USER_0936,313,2026-05-20 15:17:32.445556
USER_0936,185,2026-05-09 15:17:32.445565
USER_0936,413,2026-03-30 15:17:32.445574
USER_0936,446,2026-05-26 15:17:32.445583
USER_0936,199,2026-06-01 15:17:32.445592
USER_0937,450,2026-06-17 15:17:32.445605
USER_0937,464,2026-03-26 15:17:32.445614
USER_0937,141,2026-06-03 15:17:32.445623
USER_0937,189,2026-06-11 15:17:32.445632
USER_0937,459,2026-05-30 15:17:32.445641
USER_0937,479,2026-05-14 15:17:32.445650
USER_0937,275,2026-06-09 15:17:32.445659
USER_0937,52,2026-05-16 15:17:32.445668
USER_0938,3,2026-06-12 15:17:32.445681
USER_0938,171,2026-05-24 15:17:32.445690
USER_0938,357,2026-05-11 15:17:32.445699
USER_0938,93,2026-05-04 15:17:32.445708
USER_0939,339,2026-04-29 15:17:32.445720
USER_0939,138,2026-04-13 15:17:32.445730
USER_0939,380,2026-04-04 15:17:32.445741
USER_0939,3,2026-04-08 15:17:32.445752
USER_0939,328,2026-04-05 15:17:32.445761
USER_0940,38,2026-04-04 15:17:32.445774
USER_0940,274,2026-04-23 15:17:32.445783
USER_0940,210,2026-03-24 15:17:32.445792
USER_0940,76,2026-04-04 15:17:32.445801
USER_0940,27,2026-04-23 15:17:32.445810
USER_0940,265,2026-04-15 15:17:32.445819
USER_0940,204,2026-03-26 15:17:32.445828
USER_0940,200,2026-04-23 15:17:32.445837
USER_0940,380,2026-06-06 15:17:32.445846
USER_0940,142,2026-03-28 15:17:32.445855
USER_0941,151,2026-06-03 15:17:32.445867
USER_0942,223,2026-03-31 15:17:32.445880
USER_0942,263,2026-05-08 15:17:32.445889
USER_0943,124,2026-06-17 15:17:32.445902
USER_0943,83,2026-06-08 15:17:32.445911
USER_0943,333,2026-06-04 15:17:32.445922
USER_0943,58,2026-04-01 15:17:32.445931
USER_0944,62,2026-05-02 15:17:32.445944
USER_0944,490,2026-04-19 15:17:32.445952
USER_0944,306,2026-05-02 15:17:32.445961
USER_0944,285,2026-05-18 15:17:32.445970
USER_0944,331,2026-04-22 15:17:32.445979
USER_0945,205,2026-05-28 15:17:32.445992
USER_0945,317,2026-05-06 15:17:32.446001
USER_0946,499,2026-06-05 15:17:32.446014
USER_0946,63,2026-05-05 15:17:32.446023
USER_0946,439,2026-05-05 15:17:32.446032
USER_0946,74,2026-05-07 15:17:32.446041
USER_0946,222,2026-05-22 15:17:32.446050
USER_0946,472,2026-04-19 15:17:32.446059
USER_0946,437,2026-04-29 15:17:32.446069
USER_0947,338,2026-04-24 15:17:32.446085
USER_0947,149,2026-04-15 15:17:32.446159
USER_0947,32,2026-05-31 15:17:32.446168
USER_0947,280,2026-04-09 15:17:32.446177
USER_0947,72,2026-05-05 15:17:32.446186
USER_0947,342,2026-04-24 15:17:32.446195
USER_0947,54,2026-06-15 15:17:32.446204
USER_0947,344,2026-04-20 15:17:32.446213
USER_0948,245,2026-06-04 15:17:32.446226
USER_0948,492,2026-05-03 15:17:32.446235
USER_0948,270,2026-04-20 15:17:32.446244
USER_0948,149,2026-04-16 15:17:32.446253
USER_0948,101,2026-06-17 15:17:32.446262
USER_0948,269,2026-04-27 15:17:32.446271
USER_0948,209,2026-05-15 15:17:32.446280
USER_0948,66,2026-03-30 15:17:32.446289
USER_0949,486,2026-05-02 15:17:32.446301
USER_0949,218,2026-04-16 15:17:32.446310
USER_0949,282,2026-04-24 15:17:32.446319
USER_0949,112,2026-04-06 15:17:32.446328
USER_0949,70,2026-06-15 15:17:32.446337
USER_0949,56,2026-03-29 15:17:32.446346
USER_0949,482,2026-06-05 15:17:32.446355
USER_0949,157,2026-04-05 15:17:32.446364
USER_0949,420,2026-05-31 15:17:32.446373
USER_0949,328,2026-06-17 15:17:32.446382
USER_0950,166,2026-05-10 15:17:32.446395
USER_0950,129,2026-05-25 15:17:32.446404
USER_0950,278,2026-05-28 15:17:32.446413
USER_0950,399,2026-03-27 15:17:32.446422
USER_0950,12,2026-06-11 15:17:32.446431
USER_0950,410,2026-05-23 15:17:32.446440
USER_0950,319,2026-04-30 15:17:32.446448
USER_0950,208,2026-04-29 15:17:32.446458
USER_0950,99,2026-05-13 15:17:32.446466
USER_0950,401,2026-04-16 15:17:32.446475
USER_0951,140,2026-06-11 15:17:32.446488
USER_0951,310,2026-05-11 15:17:32.446497
USER_0951,426,2026-04-02 15:17:32.446506
USER_0952,151,2026-05-18 15:17:32.446519
USER_0952,242,2026-05-15 15:17:32.446528
USER_0952,355,2026-06-10 15:17:32.446537
USER_0952,488,2026-05-31 15:17:32.446546
USER_0953,339,2026-04-18 15:17:32.446559
USER_0953,267,2026-05-26 15:17:32.446568
USER_0954,10,2026-05-26 15:17:32.446581
USER_0954,200,2026-04-17 15:17:32.446590
USER_0954,189,2026-05-01 15:17:32.446599
USER_0954,354,2026-03-23 15:17:32.446608
USER_0954,13,2026-05-02 15:17:32.446617
USER_0955,280,2026-03-31 15:17:32.446629
USER_0956,388,2026-04-12 15:17:32.446644
USER_0956,278,2026-06-01 15:17:32.446655
USER_0956,117,2026-06-11 15:17:32.446663
USER_0956,143,2026-05-01 15:17:32.446672
USER_0956,385,2026-05-18 15:17:32.446681
USER_0956,493,2026-06-06 15:17:32.446690
USER_0956,345,2026-06-19 15:17:32.446699
USER_0956,344,2026-04-23 15:17:32.446708
USER_0957,171,2026-05-04 15:17:32.446721
USER_0957,269,2026-04-01 15:17:32.446730
USER_0957,110,2026-05-27 15:17:32.446739
USER_0957,398,2026-04-26 15:17:32.446750
USER_0957,71,2026-03-29 15:17:32.446759
USER_0957,385,2026-05-17 15:17:32.446770
USER_0957,73,2026-05-24 15:17:32.446779
USER_0957,496,2026-03-25 15:17:32.446788
USER_0957,475,2026-04-09 15:17:32.446797
USER_0957,67,2026-05-28 15:17:32.446806
USER_0958,323,2026-04-16 15:17:32.446819
USER_0958,223,2026-04-18 15:17:32.446828
USER_0958,336,2026-03-22 15:17:32.446837
USER_0958,191,2026-03-25 15:17:32.446846
USER_0958,371,2026-05-19 15:17:32.446855
USER_0959,151,2026-06-01 15:17:32.446868
USER_0959,10,2026-03-24 15:17:32.446877
USER_0960,265,2026-06-05 15:17:32.446890
USER_0960,410,2026-05-10 15:17:32.446899
USER_0960,72,2026-04-21 15:17:32.446908
USER_0960,127,2026-04-29 15:17:32.446916
USER_0960,64,2026-05-23 15:17:32.446925
USER_0960,350,2026-06-03 15:17:32.446934
USER_0961,228,2026-04-18 15:17:32.446947
USER_0961,430,2026-03-30 15:17:32.446956
USER_0961,230,2026-05-13 15:17:32.446968
USER_0961,103,2026-04-11 15:17:32.446977
USER_0961,52,2026-04-05 15:17:32.446991
USER_0961,427,2026-04-03 15:17:32.447000
USER_0961,53,2026-04-07 15:17:32.447011
USER_0961,334,2026-05-31 15:17:32.447020
USER_0961,134,2026-05-20 15:17:32.447029
USER_0961,104,2026-04-23 15:17:32.447039
USER_0962,495,2026-06-10 15:17:32.447052
USER_0962,155,2026-05-12 15:17:32.447061
USER_0962,36,2026-05-21 15:17:32.447070
USER_0962,241,2026-04-14 15:17:32.447079
USER_0962,462,2026-05-08 15:17:32.447088
USER_0962,307,2026-03-27 15:17:32.447097
USER_0962,331,2026-04-25 15:17:32.447106
USER_0962,238,2026-04-13 15:17:32.447115
USER_0962,230,2026-06-11 15:17:32.447124
USER_0962,446,2026-05-28 15:17:32.447133
USER_0963,469,2026-05-07 15:17:32.447146
USER_0963,434,2026-05-27 15:17:32.447155
USER_0963,217,2026-04-23 15:17:32.447164
USER_0963,15,2026-05-18 15:17:32.447173
USER_0963,496,2026-05-29 15:17:32.447182
USER_0963,61,2026-04-24 15:17:32.447191
USER_0963,326,2026-03-30 15:17:32.447200
USER_0963,71,2026-03-22 15:17:32.447209
USER_0964,358,2026-05-21 15:17:32.447222
USER_0964,287,2026-05-28 15:17:32.447231
USER_0964,233,2026-03-26 15:17:32.447240
USER_0964,364,2026-04-24 15:17:32.447254
USER_0964,286,2026-06-11 15:17:32.447264
USER_0964,392,2026-04-10 15:17:32.447273
USER_0965,290,2026-06-17 15:17:32.447286
USER_0965,319,2026-05-30 15:17:32.447295
USER_0965,289,2026-04-29 15:17:32.447304
USER_0965,270,2026-05-16 15:17:32.447312
USER_0965,364,2026-06-14 15:17:32.447322
USER_0965,352,2026-03-27 15:17:32.447330
USER_0965,435,2026-05-19 15:17:32.447339
USER_0965,224,2026-03-29 15:17:32.447348
USER_0965,222,2026-05-23 15:17:32.447358
USER_0965,117,2026-03-27 15:17:32.447367
USER_0966,78,2026-04-17 15:17:32.447380
USER_0966,146,2026-04-03 15:17:32.447391
USER_0967,356,2026-04-08 15:17:32.447404
USER_0967,353,2026-03-28 15:17:32.447413
USER_0967,25,2026-05-13 15:17:32.447422
USER_0967,91,2026-03-30 15:17:32.447431
USER_0967,72,2026-04-30 15:17:32.447440
USER_0967,183,2026-04-28 15:17:32.447449
USER_0968,347,2026-04-03 15:17:32.447462
USER_0968,343,2026-04-23 15:17:32.447471
USER_0968,298,2026-06-07 15:17:32.447483
USER_0968,50,2026-04-05 15:17:32.447492
USER_0968,148,2026-06-01 15:17:32.447501
USER_0968,279,2026-03-29 15:17:32.447510
USER_0969,155,2026-05-06 15:17:32.447523
USER_0969,491,2026-03-30 15:17:32.447533
USER_0969,272,2026-05-22 15:17:32.447542
USER_0969,43,2026-04-13 15:17:32.447551
USER_0969,122,2026-04-20 15:17:32.447560
USER_0969,329,2026-04-13 15:17:32.447568
USER_0969,478,2026-05-26 15:17:32.447577
USER_0969,110,2026-04-14 15:17:32.447587
USER_0969,88,2026-06-18 15:17:32.447596
USER_0969,197,2026-05-02 15:17:32.447605
USER_0970,98,2026-04-09 15:17:32.447617
USER_0970,88,2026-05-24 15:17:32.447626
USER_0970,181,2026-06-02 15:17:32.447635
USER_0970,188,2026-06-19 15:17:32.447644
USER_0970,195,2026-06-17 15:17:32.447653
USER_0970,164,2026-05-10 15:17:32.447662
USER_0970,270,2026-04-30 15:17:32.447671
USER_0970,37,2026-06-12 15:17:32.447680
USER_0970,55,2026-03-29 15:17:32.447689
USER_0970,473,2026-05-04 15:17:32.447698
USER_0971,101,2026-06-10 15:17:32.447710
USER_0971,176,2026-04-03 15:17:32.447719
USER_0971,338,2026-05-10 15:17:32.447728
USER_0971,260,2026-05-21 15:17:32.447737
USER_0971,210,2026-04-10 15:17:32.447746
USER_0971,179,2026-05-20 15:17:32.447755
USER_0971,481,2026-03-24 15:17:32.447764
USER_0972,47,2026-05-28 15:17:32.447777
USER_0972,5,2026-05-11 15:17:32.447787
USER_0972,168,2026-05-13 15:17:32.447798
USER_0972,202,2026-05-24 15:17:32.447807
USER_0972,312,2026-04-12 15:17:32.447816
USER_0972,243,2026-06-03 15:17:32.447825
USER_0972,474,2026-04-10 15:17:32.447834
USER_0972,248,2026-05-04 15:17:32.447843
USER_0972,109,2026-04-02 15:17:32.447852
USER_0973,347,2026-03-26 15:17:32.447865
USER_0973,220,2026-05-27 15:17:32.447874
USER_0973,233,2026-04-08 15:17:32.447882
USER_0973,112,2026-06-16 15:17:32.447891
USER_0973,273,2026-05-05 15:17:32.447900
USER_0973,207,2026-05-08 15:17:32.447909
USER_0973,348,2026-05-18 15:17:32.447918
USER_0973,328,2026-06-10 15:17:32.447927
USER_0973,30,2026-04-22 15:17:32.447936
USER_0973,59,2026-05-23 15:17:32.447945
USER_0974,373,2026-06-17 15:17:32.447958
USER_0974,269,2026-04-26 15:17:32.447967
USER_0974,216,2026-04-23 15:17:32.447979
USER_0974,1,2026-06-05 15:17:32.447988
USER_0974,205,2026-05-27 15:17:32.447997
USER_0974,495,2026-04-17 15:17:32.448008
USER_0974,355,2026-04-10 15:17:32.448017
USER_0974,154,2026-05-27 15:17:32.448026
USER_0974,485,2026-05-14 15:17:32.448035
USER_0975,206,2026-04-18 15:17:32.448048
USER_0975,64,2026-05-25 15:17:32.448057
USER_0975,156,2026-06-16 15:17:32.448066
USER_0975,234,2026-06-19 15:17:32.448075
USER_0975,365,2026-05-01 15:17:32.448084
USER_0975,394,2026-03-26 15:17:32.448093
USER_0975,186,2026-04-07 15:17:32.448102
USER_0976,55,2026-05-15 15:17:32.448114
USER_0977,140,2026-05-30 15:17:32.448127
USER_0977,138,2026-06-11 15:17:32.448137
USER_0977,69,2026-04-06 15:17:32.448145
USER_0977,117,2026-06-19 15:17:32.448154
USER_0977,204,2026-04-11 15:17:32.448163
USER_0977,55,2026-03-26 15:17:32.448172
USER_0977,469,2026-05-20 15:17:32.448181
USER_0977,174,2026-05-14 15:17:32.448190
USER_0977,127,2026-04-03 15:17:32.448199
USER_0977,377,2026-05-04 15:17:32.448211
USER_0978,291,2026-04-23 15:17:32.448224
USER_0978,225,2026-05-19 15:17:32.448233
USER_0978,454,2026-04-17 15:17:32.448242
USER_0978,47,2026-05-09 15:17:32.448250
USER_0978,497,2026-04-07 15:17:32.448259
USER_0979,404,2026-05-21 15:17:32.448272
USER_0980,238,2026-04-16 15:17:32.448285
USER_0981,24,2026-05-13 15:17:32.448298
USER_0982,58,2026-04-04 15:17:32.448313
USER_0982,356,2026-05-18 15:17:32.448322
USER_0982,157,2026-05-10 15:17:32.448331
USER_0982,432,2026-04-24 15:17:32.448339
USER_0982,327,2026-05-03 15:17:32.448348
USER_0982,430,2026-05-02 15:17:32.448357
USER_0982,64,2026-04-25 15:17:32.448366
USER_0982,68,2026-06-08 15:17:32.448375
USER_0982,389,2026-03-24 15:17:32.448384
USER_0982,448,2026-03-23 15:17:32.448396
USER_0983,159,2026-06-19 15:17:32.448409
USER_0983,48,2026-06-17 15:17:32.448418
USER_0983,315,2026-06-01 15:17:32.448426
USER_0983,433,2026-05-22 15:17:32.448435
USER_0983,328,2026-06-18 15:17:32.448444
USER_0983,144,2026-04-25 15:17:32.448453
USER_0983,365,2026-04-21 15:17:32.448462
USER_0983,60,2026-05-15 15:17:32.448471
USER_0983,48,2026-06-03 15:17:32.448480
USER_0984,130,2026-05-01 15:17:32.448493
USER_0984,56,2026-05-08 15:17:32.448502
USER_0984,451,2026-05-01 15:17:32.448511
USER_0984,177,2026-03-31 15:17:32.448520
USER_0985,169,2026-05-05 15:17:32.448532
USER_0985,416,2026-06-05 15:17:32.448541
USER_0985,138,2026-04-01 15:17:32.448550
USER_0985,229,2026-05-31 15:17:32.448559
USER_0985,124,2026-05-27 15:17:32.448568
USER_0986,93,2026-04-01 15:17:32.448581
USER_0986,87,2026-04-16 15:17:32.448589
USER_0986,200,2026-03-24 15:17:32.448598
USER_0986,203,2026-03-26 15:17:32.448607
USER_0986,381,2026-06-03 15:17:32.448616
USER_0986,475,2026-03-23 15:17:32.448625
USER_0987,213,2026-05-24 15:17:32.448640
USER_0987,60,2026-04-07 15:17:32.448649
USER_0987,30,2026-04-23 15:17:32.448658
USER_0988,316,2026-04-28 15:17:32.448671
USER_0988,340,2026-05-05 15:17:32.448680
USER_0988,79,2026-04-07 15:17:32.448689
USER_0988,259,2026-06-13 15:17:32.448698
USER_0988,246,2026-04-29 15:17:32.448707
USER_0988,158,2026-03-23 15:17:32.448716
USER_0988,111,2026-04-06 15:17:32.448724
USER_0988,291,2026-03-28 15:17:32.448733
USER_0988,309,2026-04-27 15:17:32.448743
USER_0989,492,2026-06-03 15:17:32.448755
USER_0989,413,2026-04-06 15:17:32.448764
USER_0989,116,2026-05-29 15:17:32.448773
USER_0989,367,2026-05-08 15:17:32.448782
USER_0989,36,2026-05-24 15:17:32.448791
USER_0989,112,2026-05-05 15:17:32.448800
USER_0989,131,2026-05-16 15:17:32.448809
USER_0990,376,2026-05-25 15:17:32.448822
USER_0990,121,2026-06-01 15:17:32.448831
USER_0990,172,2026-03-31 15:17:32.448840
USER_0990,149,2026-05-25 15:17:32.448849
USER_0990,62,2026-04-23 15:17:32.448858
USER_0991,448,2026-05-23 15:17:32.448870
USER_0991,355,2026-05-07 15:17:32.448879
USER_0991,420,2026-05-08 15:17:32.448888
USER_0991,400,2026-04-15 15:17:32.448897
USER_0991,165,2026-05-11 15:17:32.448906
USER_0991,444,2026-03-27 15:17:32.448915
USER_0991,460,2026-06-11 15:17:32.448924
USER_0991,188,2026-04-06 15:17:32.448933
USER_0992,426,2026-04-09 15:17:32.448946
USER_0992,204,2026-05-09 15:17:32.448955
USER_0993,486,2026-03-31 15:17:32.448968
USER_0993,194,2026-03-24 15:17:32.448977
USER_0993,499,2026-05-21 15:17:32.448986
USER_0993,274,2026-06-07 15:17:32.448995
USER_0993,392,2026-06-13 15:17:32.449004
USER_0993,492,2026-03-29 15:17:32.449012
USER_0993,103,2026-04-27 15:17:32.449021
USER_0993,337,2026-03-26 15:17:32.449030
USER_0993,86,2026-04-20 15:17:32.449039
USER_0994,241,2026-05-01 15:17:32.449052
USER_0994,30,2026-04-06 15:17:32.449061
USER_0995,79,2026-04-03 15:17:32.449074
USER_0996,383,2026-06-13 15:17:32.449087
USER_0997,274,2026-04-01 15:17:32.449100
USER_0997,122,2026-03-31 15:17:32.449109
USER_0997,133,2026-03-22 15:17:32.449120
USER_0997,328,2026-05-02 15:17:32.449129
USER_0997,336,2026-05-01 15:17:32.449138
USER_0998,373,2026-04-27 15:17:32.449155
USER_0998,234,2026-04-12 15:17:32.449164
USER_0998,163,2026-04-22 15:17:32.449173
USER_0998,313,2026-06-17 15:17:32.449182
USER_0998,182,2026-03-24 15:17:32.449191
USER_0998,144,2026-04-24 15:17:32.449200
USER_0998,89,2026-05-12 15:17:32.449209
USER_0999,44,2026-04-26 15:17:32.449222
USER_0999,256,2026-04-05 15:17:32.449231
USER_0999,466,2026-05-30 15:17:32.449240
USER_0999,51,2026-05-30 15:17:32.449256
